gameid,date,team,position,playername,performance
ESPORTSTMNT06_2827798,2023-10-09 04:09:51,Golden Guardians,top,Licorice,1447.9
ESPORTSTMNT06_2827798,2023-10-09 04:09:51,Golden Guardians,jng,River,1023.7
ESPORTSTMNT06_2827798,2023-10-09 04:09:51,Golden Guardians,mid,Gori,869.4
ESPORTSTMNT06_2827798,2023-10-09 04:09:51,Golden Guardians,bot,Stixxay,1249.9
ESPORTSTMNT06_2827798,2023-10-09 04:09:51,Golden Guardians,sup,huhi,952.6999999999999
ESPORTSTMNT06_2827798,2023-10-09 04:09:51,Team BDS,top,Adam,2282.4
ESPORTSTMNT06_2827798,2023-10-09 04:09:51,Team BDS,jng,Sheo,1267.0
ESPORTSTMNT06_2827798,2023-10-09 04:09:51,Team BDS,mid,nuc,2444.4
ESPORTSTMNT06_2827798,2023-10-09 04:09:51,Team BDS,bot,Crownie,1468.4
ESPORTSTMNT06_2827798,2023-10-09 04:09:51,Team BDS,sup,Labrov,1379.7
ESPORTSTMNT06_2828803,2023-10-09 04:51:13,Golden Guardians,top,Licorice,2903.6
ESPORTSTMNT06_2828803,2023-10-09 04:51:13,Golden Guardians,jng,River,1709.5
ESPORTSTMNT06_2828803,2023-10-09 04:51:13,Golden Guardians,mid,Gori,3818.1
ESPORTSTMNT06_2828803,2023-10-09 04:51:13,Golden Guardians,bot,Stixxay,2461.0
ESPORTSTMNT06_2828803,2023-10-09 04:51:13,Golden Guardians,sup,huhi,2367.4
ESPORTSTMNT06_2828803,2023-10-09 04:51:13,Team BDS,top,Adam,2683.7
ESPORTSTMNT06_2828803,2023-10-09 04:51:13,Team BDS,jng,Sheo,2616.2
ESPORTSTMNT06_2828803,2023-10-09 04:51:13,Team BDS,mid,nuc,4161.7
ESPORTSTMNT06_2828803,2023-10-09 04:51:13,Team BDS,bot,Crownie,2791.1
ESPORTSTMNT06_2828803,2023-10-09 04:51:13,Team BDS,sup,Labrov,2000.9
ESPORTSTMNT06_2827812,2023-10-09 05:46:19,Team BDS,top,Adam,3253.3
ESPORTSTMNT06_2827812,2023-10-09 05:46:19,Team BDS,jng,Sheo,1665.2
ESPORTSTMNT06_2827812,2023-10-09 05:46:19,Team BDS,mid,nuc,2483.8
ESPORTSTMNT06_2827812,2023-10-09 05:46:19,Team BDS,bot,Crownie,3242.5
ESPORTSTMNT06_2827812,2023-10-09 05:46:19,Team BDS,sup,Labrov,2012.5
ESPORTSTMNT06_2827812,2023-10-09 05:46:19,Golden Guardians,top,Licorice,2072.8
ESPORTSTMNT06_2827812,2023-10-09 05:46:19,Golden Guardians,jng,River,1290.8
ESPORTSTMNT06_2827812,2023-10-09 05:46:19,Golden Guardians,mid,Gori,2463.7
ESPORTSTMNT06_2827812,2023-10-09 05:46:19,Golden Guardians,bot,Stixxay,2811.8
ESPORTSTMNT06_2827812,2023-10-09 05:46:19,Golden Guardians,sup,huhi,1390.5
ESPORTSTMNT06_2829811,2023-10-10 07:17:44,PSG Talon,top,Azhi,3351.3
ESPORTSTMNT06_2829811,2023-10-10 07:17:44,PSG Talon,jng,JunJia,2435.6
ESPORTSTMNT06_2829811,2023-10-10 07:17:44,PSG Talon,mid,Maple,3194.6
ESPORTSTMNT06_2829811,2023-10-10 07:17:44,PSG Talon,bot,Wako,3877.4
ESPORTSTMNT06_2829811,2023-10-10 07:17:44,PSG Talon,sup,Woody,2257.7
ESPORTSTMNT06_2829811,2023-10-10 07:17:44,Movistar R7,top,Bong,1842.1
ESPORTSTMNT06_2829811,2023-10-10 07:17:44,Movistar R7,jng,Oddie,1786.7
ESPORTSTMNT06_2829811,2023-10-10 07:17:44,Movistar R7,mid,Mireu,2785.4
ESPORTSTMNT06_2829811,2023-10-10 07:17:44,Movistar R7,bot,Ceo,3447.5
ESPORTSTMNT06_2829811,2023-10-10 07:17:44,Movistar R7,sup,Lyonz,1880.4
ESPORTSTMNT06_2829821,2023-10-10 08:06:09,PSG Talon,top,Azhi,3313.5
ESPORTSTMNT06_2829821,2023-10-10 08:06:09,PSG Talon,jng,JunJia,2367.7000000000003
ESPORTSTMNT06_2829821,2023-10-10 08:06:09,PSG Talon,mid,Maple,3732.8
ESPORTSTMNT06_2829821,2023-10-10 08:06:09,PSG Talon,bot,Wako,3269.4
ESPORTSTMNT06_2829821,2023-10-10 08:06:09,PSG Talon,sup,Woody,2160.4
ESPORTSTMNT06_2829821,2023-10-10 08:06:09,Movistar R7,top,Bong,1433.7
ESPORTSTMNT06_2829821,2023-10-10 08:06:09,Movistar R7,jng,Oddie,1237.0
ESPORTSTMNT06_2829821,2023-10-10 08:06:09,Movistar R7,mid,Mireu,2113.4
ESPORTSTMNT06_2829821,2023-10-10 08:06:09,Movistar R7,bot,Ceo,2571.1
ESPORTSTMNT06_2829821,2023-10-10 08:06:09,Movistar R7,sup,Lyonz,1761.9
ESPORTSTMNT06_2827855,2023-10-10 09:10:30,LOUD,top,Robo,2313.4
ESPORTSTMNT06_2827855,2023-10-10 09:10:30,LOUD,jng,Croc,1513.0
ESPORTSTMNT06_2827855,2023-10-10 09:10:30,LOUD,mid,tinowns,2243.4
ESPORTSTMNT06_2827855,2023-10-10 09:10:30,LOUD,bot,Route,4156.7
ESPORTSTMNT06_2827855,2023-10-10 09:10:30,LOUD,sup,Ceos,2305.3
ESPORTSTMNT06_2827855,2023-10-10 09:10:30,GAM Esports,top,Kiaya,2449.2
ESPORTSTMNT06_2827855,2023-10-10 09:10:30,GAM Esports,jng,Levi,1209.5
ESPORTSTMNT06_2827855,2023-10-10 09:10:30,GAM Esports,mid,Kati,1626.1
ESPORTSTMNT06_2827855,2023-10-10 09:10:30,GAM Esports,bot,Slayder,2173.8
ESPORTSTMNT06_2827855,2023-10-10 09:10:30,GAM Esports,sup,Palette,1378.6999999999998
ESPORTSTMNT06_2828853,2023-10-10 09:59:06,GAM Esports,top,Kiaya,3837.1
ESPORTSTMNT06_2828853,2023-10-10 09:59:06,GAM Esports,jng,Levi,3146.0
ESPORTSTMNT06_2828853,2023-10-10 09:59:06,GAM Esports,mid,Kati,3177.2
ESPORTSTMNT06_2828853,2023-10-10 09:59:06,GAM Esports,bot,Slayder,3172.6
ESPORTSTMNT06_2828853,2023-10-10 09:59:06,GAM Esports,sup,Palette,2318.5
ESPORTSTMNT06_2828853,2023-10-10 09:59:06,LOUD,top,Robo,4311.9
ESPORTSTMNT06_2828853,2023-10-10 09:59:06,LOUD,jng,Croc,3360.8
ESPORTSTMNT06_2828853,2023-10-10 09:59:06,LOUD,mid,tinowns,4899.5
ESPORTSTMNT06_2828853,2023-10-10 09:59:06,LOUD,bot,Route,5208.6
ESPORTSTMNT06_2828853,2023-10-10 09:59:06,LOUD,sup,Ceos,3063.0
ESPORTSTMNT06_2828871,2023-10-11 07:13:58,DetonatioN FocusMe,top,apaMEN,2447.6
ESPORTSTMNT06_2828871,2023-10-11 07:13:58,DetonatioN FocusMe,jng,Steal,1721.0
ESPORTSTMNT06_2828871,2023-10-11 07:13:58,DetonatioN FocusMe,mid,Aria,3285.3
ESPORTSTMNT06_2828871,2023-10-11 07:13:58,DetonatioN FocusMe,bot,Yutapon,2104.6
ESPORTSTMNT06_2828871,2023-10-11 07:13:58,DetonatioN FocusMe,sup,Harp,3017.7999999999997
ESPORTSTMNT06_2828871,2023-10-11 07:13:58,CTBC Flying Oyster,top,Rest,4085.9
ESPORTSTMNT06_2828871,2023-10-11 07:13:58,CTBC Flying Oyster,jng,Gemini,2137.8
ESPORTSTMNT06_2828871,2023-10-11 07:13:58,CTBC Flying Oyster,mid,JimieN,4140.0
ESPORTSTMNT06_2828871,2023-10-11 07:13:58,CTBC Flying Oyster,bot,Shunn,3400.7
ESPORTSTMNT06_2828871,2023-10-11 07:13:58,CTBC Flying Oyster,sup,ShiauC,2210.2
ESPORTSTMNT06_2828884,2023-10-11 08:08:50,CTBC Flying Oyster,top,Rest,2873.5
ESPORTSTMNT06_2828884,2023-10-11 08:08:50,CTBC Flying Oyster,jng,Gemini,2020.2
ESPORTSTMNT06_2828884,2023-10-11 08:08:50,CTBC Flying Oyster,mid,JimieN,3869.8
ESPORTSTMNT06_2828884,2023-10-11 08:08:50,CTBC Flying Oyster,bot,Shunn,3941.3
ESPORTSTMNT06_2828884,2023-10-11 08:08:50,CTBC Flying Oyster,sup,ShiauC,2416.5
ESPORTSTMNT06_2828884,2023-10-11 08:08:50,DetonatioN FocusMe,top,apaMEN,1318.0
ESPORTSTMNT06_2828884,2023-10-11 08:08:50,DetonatioN FocusMe,jng,Steal,1425.8
ESPORTSTMNT06_2828884,2023-10-11 08:08:50,DetonatioN FocusMe,mid,Aria,1912.8
ESPORTSTMNT06_2828884,2023-10-11 08:08:50,DetonatioN FocusMe,bot,Yutapon,2813.9
ESPORTSTMNT06_2828884,2023-10-11 08:08:50,DetonatioN FocusMe,sup,Harp,1563.5
ESPORTSTMNT06_2829857,2023-10-11 09:03:55,Team BDS,top,Adam,2935.2
ESPORTSTMNT06_2829857,2023-10-11 09:03:55,Team BDS,jng,Sheo,1677.2
ESPORTSTMNT06_2829857,2023-10-11 09:03:55,Team BDS,mid,nuc,2691.6
ESPORTSTMNT06_2829857,2023-10-11 09:03:55,Team BDS,bot,Crownie,2545.2
ESPORTSTMNT06_2829857,2023-10-11 09:03:55,Team BDS,sup,Labrov,1255.6999999999998
ESPORTSTMNT06_2829857,2023-10-11 09:03:55,Team Whales,top,Sparda,1204.8
ESPORTSTMNT06_2829857,2023-10-11 09:03:55,Team Whales,jng,BeanJ,1242.3
ESPORTSTMNT06_2829857,2023-10-11 09:03:55,Team Whales,mid,Gloryy,1779.9
ESPORTSTMNT06_2829857,2023-10-11 09:03:55,Team Whales,bot,Artemis,1521.2
ESPORTSTMNT06_2829857,2023-10-11 09:03:55,Team Whales,sup,Bie,1517.5
ESPORTSTMNT06_2829862,2023-10-11 09:46:26,Team BDS,top,Adam,3325.7
ESPORTSTMNT06_2829862,2023-10-11 09:46:26,Team BDS,jng,Sheo,1659.2
ESPORTSTMNT06_2829862,2023-10-11 09:46:26,Team BDS,mid,nuc,3082.5
ESPORTSTMNT06_2829862,2023-10-11 09:46:26,Team BDS,bot,Crownie,4945.4
ESPORTSTMNT06_2829862,2023-10-11 09:46:26,Team BDS,sup,Labrov,2083.4
ESPORTSTMNT06_2829862,2023-10-11 09:46:26,Team Whales,top,Sparda,2737.2
ESPORTSTMNT06_2829862,2023-10-11 09:46:26,Team Whales,jng,BeanJ,3152.1
ESPORTSTMNT06_2829862,2023-10-11 09:46:26,Team Whales,mid,Gloryy,4464.7
ESPORTSTMNT06_2829862,2023-10-11 09:46:26,Team Whales,bot,Artemis,5803.5
ESPORTSTMNT06_2829862,2023-10-11 09:46:26,Team Whales,sup,Bie,2672.8
ESPORTSTMNT06_2829863,2023-10-11 10:47:43,Team Whales,top,Sparda,3708.1
ESPORTSTMNT06_2829863,2023-10-11 10:47:43,Team Whales,jng,BeanJ,2602.5
ESPORTSTMNT06_2829863,2023-10-11 10:47:43,Team Whales,mid,Gloryy,3841.4
ESPORTSTMNT06_2829863,2023-10-11 10:47:43,Team Whales,bot,Artemis,5108.7
ESPORTSTMNT06_2829863,2023-10-11 10:47:43,Team Whales,sup,Bie,2502.0
ESPORTSTMNT06_2829863,2023-10-11 10:47:43,Team BDS,top,Adam,3272.2
ESPORTSTMNT06_2829863,2023-10-11 10:47:43,Team BDS,jng,Sheo,2691.5
ESPORTSTMNT06_2829863,2023-10-11 10:47:43,Team BDS,mid,nuc,3733.6
ESPORTSTMNT06_2829863,2023-10-11 10:47:43,Team BDS,bot,Crownie,4674.0
ESPORTSTMNT06_2829863,2023-10-11 10:47:43,Team BDS,sup,Labrov,2082.9
ESPORTSTMNT06_2828898,2023-10-12 07:12:22,PSG Talon,top,Azhi,4811.2
ESPORTSTMNT06_2828898,2023-10-12 07:12:22,PSG Talon,jng,JunJia,3963.8
ESPORTSTMNT06_2828898,2023-10-12 07:12:22,PSG Talon,mid,Maple,3882.6
ESPORTSTMNT06_2828898,2023-10-12 07:12:22,PSG Talon,bot,Wako,3804.3
ESPORTSTMNT06_2828898,2023-10-12 07:12:22,PSG Talon,sup,Woody,2241.7
ESPORTSTMNT06_2828898,2023-10-12 07:12:22,LOUD,top,Robo,3345.0
ESPORTSTMNT06_2828898,2023-10-12 07:12:22,LOUD,jng,Croc,2002.0
ESPORTSTMNT06_2828898,2023-10-12 07:12:22,LOUD,mid,tinowns,2954.8
ESPORTSTMNT06_2828898,2023-10-12 07:12:22,LOUD,bot,Route,3613.7
ESPORTSTMNT06_2828898,2023-10-12 07:12:22,LOUD,sup,Ceos,2091.5
ESPORTSTMNT06_2828912,2023-10-12 08:06:59,LOUD,top,Robo,1979.0
ESPORTSTMNT06_2828912,2023-10-12 08:06:59,LOUD,jng,Croc,1850.5
ESPORTSTMNT06_2828912,2023-10-12 08:06:59,LOUD,mid,tinowns,2391.9
ESPORTSTMNT06_2828912,2023-10-12 08:06:59,LOUD,bot,Route,3192.2
ESPORTSTMNT06_2828912,2023-10-12 08:06:59,LOUD,sup,Ceos,1515.1000000000001
ESPORTSTMNT06_2828912,2023-10-12 08:06:59,PSG Talon,top,Azhi,3949.2
ESPORTSTMNT06_2828912,2023-10-12 08:06:59,PSG Talon,jng,JunJia,3479.6
ESPORTSTMNT06_2828912,2023-10-12 08:06:59,PSG Talon,mid,Maple,3799.8
ESPORTSTMNT06_2828912,2023-10-12 08:06:59,PSG Talon,bot,Wako,3973.0
ESPORTSTMNT06_2828912,2023-10-12 08:06:59,PSG Talon,sup,Woody,2275.8
ESPORTSTMNT06_2827908,2023-10-12 09:04:53,CTBC Flying Oyster,top,Rest,4078.2
ESPORTSTMNT06_2827908,2023-10-12 09:04:53,CTBC Flying Oyster,jng,Gemini,2090.3
ESPORTSTMNT06_2827908,2023-10-12 09:04:53,CTBC Flying Oyster,mid,JimieN,2956.2
ESPORTSTMNT06_2827908,2023-10-12 09:04:53,CTBC Flying Oyster,bot,Shunn,3043.1
ESPORTSTMNT06_2827908,2023-10-12 09:04:53,CTBC Flying Oyster,sup,ShiauC,2297.0
ESPORTSTMNT06_2827908,2023-10-12 09:04:53,Team Whales,top,Sparda,2070.7
ESPORTSTMNT06_2827908,2023-10-12 09:04:53,Team Whales,jng,BeanJ,1568.6000000000001
ESPORTSTMNT06_2827908,2023-10-12 09:04:53,Team Whales,mid,Gloryy,2582.5
ESPORTSTMNT06_2827908,2023-10-12 09:04:53,Team Whales,bot,Artemis,2994.7
ESPORTSTMNT06_2827908,2023-10-12 09:04:53,Team Whales,sup,Bie,1590.4
ESPORTSTMNT06_2828919,2023-10-12 09:55:53,Team Whales,top,Sparda,3031.2
ESPORTSTMNT06_2828919,2023-10-12 09:55:53,Team Whales,jng,BeanJ,2355.6
ESPORTSTMNT06_2828919,2023-10-12 09:55:53,Team Whales,mid,Gloryy,2059.9
ESPORTSTMNT06_2828919,2023-10-12 09:55:53,Team Whales,bot,Artemis,3136.4
ESPORTSTMNT06_2828919,2023-10-12 09:55:53,Team Whales,sup,Bie,1851.8
ESPORTSTMNT06_2828919,2023-10-12 09:55:53,CTBC Flying Oyster,top,Rest,2497.5
ESPORTSTMNT06_2828919,2023-10-12 09:55:53,CTBC Flying Oyster,jng,Gemini,1497.0
ESPORTSTMNT06_2828919,2023-10-12 09:55:53,CTBC Flying Oyster,mid,JimieN,2484.9
ESPORTSTMNT06_2828919,2023-10-12 09:55:53,CTBC Flying Oyster,bot,Shunn,2027.7
ESPORTSTMNT06_2828919,2023-10-12 09:55:53,CTBC Flying Oyster,sup,ShiauC,1835.1
ESPORTSTMNT06_2827915,2023-10-12 10:47:24,CTBC Flying Oyster,top,Rest,3421.9
ESPORTSTMNT06_2827915,2023-10-12 10:47:24,CTBC Flying Oyster,jng,Gemini,2557.0
ESPORTSTMNT06_2827915,2023-10-12 10:47:24,CTBC Flying Oyster,mid,JimieN,5030.6
ESPORTSTMNT06_2827915,2023-10-12 10:47:24,CTBC Flying Oyster,bot,Shunn,5048.3
ESPORTSTMNT06_2827915,2023-10-12 10:47:24,CTBC Flying Oyster,sup,ShiauC,2348.8
ESPORTSTMNT06_2827915,2023-10-12 10:47:24,Team Whales,top,Sparda,5067.0
ESPORTSTMNT06_2827915,2023-10-12 10:47:24,Team Whales,jng,BeanJ,2501.7
ESPORTSTMNT06_2827915,2023-10-12 10:47:24,Team Whales,mid,Gloryy,4580.3
ESPORTSTMNT06_2827915,2023-10-12 10:47:24,Team Whales,bot,Artemis,4450.7
ESPORTSTMNT06_2827915,2023-10-12 10:47:24,Team Whales,sup,Bie,2980.1000000000004
ESPORTSTMNT06_2827919,2023-10-13 07:10:31,Movistar R7,top,Bong,2191.9
ESPORTSTMNT06_2827919,2023-10-13 07:10:31,Movistar R7,jng,Oddie,1413.1999999999998
ESPORTSTMNT06_2827919,2023-10-13 07:10:31,Movistar R7,mid,Mireu,2008.5
ESPORTSTMNT06_2827919,2023-10-13 07:10:31,Movistar R7,bot,Ceo,2956.6
ESPORTSTMNT06_2827919,2023-10-13 07:10:31,Movistar R7,sup,Lyonz,1484.4
ESPORTSTMNT06_2827919,2023-10-13 07:10:31,GAM Esports,top,Kiaya,2329.6
ESPORTSTMNT06_2827919,2023-10-13 07:10:31,GAM Esports,jng,Levi,2333.1
ESPORTSTMNT06_2827919,2023-10-13 07:10:31,GAM Esports,mid,Kati,3051.5
ESPORTSTMNT06_2827919,2023-10-13 07:10:31,GAM Esports,bot,Slayder,3074.6
ESPORTSTMNT06_2827919,2023-10-13 07:10:31,GAM Esports,sup,Palette,2061.2000000000003
ESPORTSTMNT06_2828947,2023-10-13 07:55:54,Movistar R7,top,Bong,3395.6
ESPORTSTMNT06_2828947,2023-10-13 07:55:54,Movistar R7,jng,Oddie,1983.4
ESPORTSTMNT06_2828947,2023-10-13 07:55:54,Movistar R7,mid,Mireu,2548.1
ESPORTSTMNT06_2828947,2023-10-13 07:55:54,Movistar R7,bot,Ceo,3061.1
ESPORTSTMNT06_2828947,2023-10-13 07:55:54,Movistar R7,sup,Lyonz,1939.6
ESPORTSTMNT06_2828947,2023-10-13 07:55:54,GAM Esports,top,Kiaya,4185.8
ESPORTSTMNT06_2828947,2023-10-13 07:55:54,GAM Esports,jng,Levi,3339.4
ESPORTSTMNT06_2828947,2023-10-13 07:55:54,GAM Esports,mid,Kati,3904.2
ESPORTSTMNT06_2828947,2023-10-13 07:55:54,GAM Esports,bot,Slayder,3458.4
ESPORTSTMNT06_2828947,2023-10-13 07:55:54,GAM Esports,sup,Palette,2507.8
ESPORTSTMNT06_2829912,2023-10-13 08:52:20,DetonatioN FocusMe,top,apaMEN,1909.8
ESPORTSTMNT06_2829912,2023-10-13 08:52:20,DetonatioN FocusMe,jng,Steal,1925.8000000000002
ESPORTSTMNT06_2829912,2023-10-13 08:52:20,DetonatioN FocusMe,mid,Aria,2407.0
ESPORTSTMNT06_2829912,2023-10-13 08:52:20,DetonatioN FocusMe,bot,Yutapon,2111.1
ESPORTSTMNT06_2829912,2023-10-13 08:52:20,DetonatioN FocusMe,sup,Harp,1442.1000000000001
ESPORTSTMNT06_2829912,2023-10-13 08:52:20,Team BDS,top,Adam,2931.5
ESPORTSTMNT06_2829912,2023-10-13 08:52:20,Team BDS,jng,Sheo,1551.3000000000002
ESPORTSTMNT06_2829912,2023-10-13 08:52:20,Team BDS,mid,nuc,3058.1
ESPORTSTMNT06_2829912,2023-10-13 08:52:20,Team BDS,bot,Crownie,2819.7
ESPORTSTMNT06_2829912,2023-10-13 08:52:20,Team BDS,sup,Labrov,1899.1
ESPORTSTMNT06_2828951,2023-10-13 09:38:40,Team BDS,top,Adam,3086.0
ESPORTSTMNT06_2828951,2023-10-13 09:38:40,Team BDS,jng,Sheo,1881.5
ESPORTSTMNT06_2828951,2023-10-13 09:38:40,Team BDS,mid,nuc,2113.3
ESPORTSTMNT06_2828951,2023-10-13 09:38:40,Team BDS,bot,Crownie,4189.6
ESPORTSTMNT06_2828951,2023-10-13 09:38:40,Team BDS,sup,Labrov,2217.1
ESPORTSTMNT06_2828951,2023-10-13 09:38:40,DetonatioN FocusMe,top,apaMEN,1794.9
ESPORTSTMNT06_2828951,2023-10-13 09:38:40,DetonatioN FocusMe,jng,Steal,1304.3000000000002
ESPORTSTMNT06_2828951,2023-10-13 09:38:40,DetonatioN FocusMe,mid,Aria,3008.2
ESPORTSTMNT06_2828951,2023-10-13 09:38:40,DetonatioN FocusMe,bot,Yutapon,2686.7
ESPORTSTMNT06_2828951,2023-10-13 09:38:40,DetonatioN FocusMe,sup,Harp,1884.6000000000001
ESPORTSTMNT06_2828968,2023-10-14 07:12:11,LOUD,top,Robo,2753.9
ESPORTSTMNT06_2828968,2023-10-14 07:12:11,LOUD,jng,Croc,2347.4
ESPORTSTMNT06_2828968,2023-10-14 07:12:11,LOUD,mid,tinowns,3236.6
ESPORTSTMNT06_2828968,2023-10-14 07:12:11,LOUD,bot,Route,3966.0
ESPORTSTMNT06_2828968,2023-10-14 07:12:11,LOUD,sup,Ceos,1890.6
ESPORTSTMNT06_2828968,2023-10-14 07:12:11,GAM Esports,top,Kiaya,3491.3
ESPORTSTMNT06_2828968,2023-10-14 07:12:11,GAM Esports,jng,Levi,3117.7000000000003
ESPORTSTMNT06_2828968,2023-10-14 07:12:11,GAM Esports,mid,Kati,5973.4
ESPORTSTMNT06_2828968,2023-10-14 07:12:11,GAM Esports,bot,Slayder,4922.7
ESPORTSTMNT06_2828968,2023-10-14 07:12:11,GAM Esports,sup,Palette,2642.3
ESPORTSTMNT06_2827957,2023-10-14 08:07:55,LOUD,top,Robo,2911.7
ESPORTSTMNT06_2827957,2023-10-14 08:07:55,LOUD,jng,Croc,1677.3
ESPORTSTMNT06_2827957,2023-10-14 08:07:55,LOUD,mid,tinowns,2922.9
ESPORTSTMNT06_2827957,2023-10-14 08:07:55,LOUD,bot,Route,2974.7
ESPORTSTMNT06_2827957,2023-10-14 08:07:55,LOUD,sup,Ceos,1612.9
ESPORTSTMNT06_2827957,2023-10-14 08:07:55,GAM Esports,top,Kiaya,3656.7
ESPORTSTMNT06_2827957,2023-10-14 08:07:55,GAM Esports,jng,Levi,2109.5
ESPORTSTMNT06_2827957,2023-10-14 08:07:55,GAM Esports,mid,Kati,3323.9
ESPORTSTMNT06_2827957,2023-10-14 08:07:55,GAM Esports,bot,Slayder,3794.5
ESPORTSTMNT06_2827957,2023-10-14 08:07:55,GAM Esports,sup,Palette,1814.6000000000001
ESPORTSTMNT06_2829943,2023-10-14 09:10:35,CTBC Flying Oyster,top,Rest,4166.6
ESPORTSTMNT06_2829943,2023-10-14 09:10:35,CTBC Flying Oyster,jng,Gemini,4018.0
ESPORTSTMNT06_2829943,2023-10-14 09:10:35,CTBC Flying Oyster,mid,JimieN,7186.6
ESPORTSTMNT06_2829943,2023-10-14 09:10:35,CTBC Flying Oyster,bot,Shunn,5532.1
ESPORTSTMNT06_2829943,2023-10-14 09:10:35,CTBC Flying Oyster,sup,ShiauC,2838.3999999999996
ESPORTSTMNT06_2829943,2023-10-14 09:10:35,Team BDS,top,Adam,3577.5
ESPORTSTMNT06_2829943,2023-10-14 09:10:35,Team BDS,jng,Sheo,3171.2999999999997
ESPORTSTMNT06_2829943,2023-10-14 09:10:35,Team BDS,mid,nuc,5928.2
ESPORTSTMNT06_2829943,2023-10-14 09:10:35,Team BDS,bot,Crownie,5145.4
ESPORTSTMNT06_2829943,2023-10-14 09:10:35,Team BDS,sup,Labrov,3266.2999999999997
ESPORTSTMNT06_2828992,2023-10-14 10:14:23,CTBC Flying Oyster,top,Rest,3007.4
ESPORTSTMNT06_2828992,2023-10-14 10:14:23,CTBC Flying Oyster,jng,Gemini,1520.0
ESPORTSTMNT06_2828992,2023-10-14 10:14:23,CTBC Flying Oyster,mid,JimieN,1799.0
ESPORTSTMNT06_2828992,2023-10-14 10:14:23,CTBC Flying Oyster,bot,Shunn,2911.3
ESPORTSTMNT06_2828992,2023-10-14 10:14:23,CTBC Flying Oyster,sup,ShiauC,1531.2
ESPORTSTMNT06_2828992,2023-10-14 10:14:23,Team BDS,top,Adam,3059.3
ESPORTSTMNT06_2828992,2023-10-14 10:14:23,Team BDS,jng,Sheo,2725.5
ESPORTSTMNT06_2828992,2023-10-14 10:14:23,Team BDS,mid,nuc,3599.2
ESPORTSTMNT06_2828992,2023-10-14 10:14:23,Team BDS,bot,Crownie,3512.6
ESPORTSTMNT06_2828992,2023-10-14 10:14:23,Team BDS,sup,Labrov,2051.4
ESPORTSTMNT06_2829978,2023-10-15 03:11:17,GAM Esports,top,Kiaya,2249.0
ESPORTSTMNT06_2829978,2023-10-15 03:11:17,GAM Esports,jng,Levi,2488.3
ESPORTSTMNT06_2829978,2023-10-15 03:11:17,GAM Esports,mid,Kati,3496.1
ESPORTSTMNT06_2829978,2023-10-15 03:11:17,GAM Esports,bot,Slayder,2705.0
ESPORTSTMNT06_2829978,2023-10-15 03:11:17,GAM Esports,sup,Palette,2071.5
ESPORTSTMNT06_2829978,2023-10-15 03:11:17,Team Whales,top,Sparda,2628.0
ESPORTSTMNT06_2829978,2023-10-15 03:11:17,Team Whales,jng,BeanJ,1390.1
ESPORTSTMNT06_2829978,2023-10-15 03:11:17,Team Whales,mid,Gloryy,2548.4
ESPORTSTMNT06_2829978,2023-10-15 03:11:17,Team Whales,bot,Artemis,2609.6
ESPORTSTMNT06_2829978,2023-10-15 03:11:17,Team Whales,sup,Bie,1551.0
ESPORTSTMNT06_2829990,2023-10-15 03:58:19,GAM Esports,top,Kiaya,1896.0
ESPORTSTMNT06_2829990,2023-10-15 03:58:19,GAM Esports,jng,Levi,1326.5
ESPORTSTMNT06_2829990,2023-10-15 03:58:19,GAM Esports,mid,Kati,3874.3
ESPORTSTMNT06_2829990,2023-10-15 03:58:19,GAM Esports,bot,Slayder,1932.0
ESPORTSTMNT06_2829990,2023-10-15 03:58:19,GAM Esports,sup,Palette,1286.1
ESPORTSTMNT06_2829990,2023-10-15 03:58:19,Team Whales,top,Sparda,2592.3
ESPORTSTMNT06_2829990,2023-10-15 03:58:19,Team Whales,jng,BeanJ,2826.0
ESPORTSTMNT06_2829990,2023-10-15 03:58:19,Team Whales,mid,Gloryy,3518.9
ESPORTSTMNT06_2829990,2023-10-15 03:58:19,Team Whales,bot,Artemis,2922.8
ESPORTSTMNT06_2829990,2023-10-15 03:58:19,Team Whales,sup,Bie,1988.9
ESPORTSTMNT06_2830023,2023-10-15 04:46:19,GAM Esports,top,Kiaya,3631.7
ESPORTSTMNT06_2830023,2023-10-15 04:46:19,GAM Esports,jng,Levi,2728.1000000000004
ESPORTSTMNT06_2830023,2023-10-15 04:46:19,GAM Esports,mid,Kati,4796.3
ESPORTSTMNT06_2830023,2023-10-15 04:46:19,GAM Esports,bot,Slayder,5351.1
ESPORTSTMNT06_2830023,2023-10-15 04:46:19,GAM Esports,sup,Palette,3191.4
ESPORTSTMNT06_2830023,2023-10-15 04:46:19,Team Whales,top,Sparda,3037.8
ESPORTSTMNT06_2830023,2023-10-15 04:46:19,Team Whales,jng,BeanJ,2057.0
ESPORTSTMNT06_2830023,2023-10-15 04:46:19,Team Whales,mid,Gloryy,3849.1
ESPORTSTMNT06_2830023,2023-10-15 04:46:19,Team Whales,bot,Artemis,3595.7
ESPORTSTMNT06_2830023,2023-10-15 04:46:19,Team Whales,sup,Bie,1853.3999999999999
ESPORTSTMNT06_2831004,2023-10-15 05:44:39,GAM Esports,top,Kiaya,2983.5
ESPORTSTMNT06_2831004,2023-10-15 05:44:39,GAM Esports,jng,Levi,3309.4
ESPORTSTMNT06_2831004,2023-10-15 05:44:39,GAM Esports,mid,Kati,3341.5
ESPORTSTMNT06_2831004,2023-10-15 05:44:39,GAM Esports,bot,Slayder,2634.2
ESPORTSTMNT06_2831004,2023-10-15 05:44:39,GAM Esports,sup,Palette,3341.3
ESPORTSTMNT06_2831004,2023-10-15 05:44:39,Team Whales,top,Sparda,3013.5
ESPORTSTMNT06_2831004,2023-10-15 05:44:39,Team Whales,jng,BeanJ,2445.8
ESPORTSTMNT06_2831004,2023-10-15 05:44:39,Team Whales,mid,Gloryy,2651.2
ESPORTSTMNT06_2831004,2023-10-15 05:44:39,Team Whales,bot,Artemis,3009.7
ESPORTSTMNT06_2831004,2023-10-15 05:44:39,Team Whales,sup,Bie,2142.6
ESPORTSTMNT06_2829991,2023-10-15 06:45:24,PSG Talon,top,Azhi,3840.2
ESPORTSTMNT06_2829991,2023-10-15 06:45:24,PSG Talon,jng,JunJia,2136.0
ESPORTSTMNT06_2829991,2023-10-15 06:45:24,PSG Talon,mid,Maple,4794.2
ESPORTSTMNT06_2829991,2023-10-15 06:45:24,PSG Talon,bot,Wako,3971.0
ESPORTSTMNT06_2829991,2023-10-15 06:45:24,PSG Talon,sup,Woody,1913.1
ESPORTSTMNT06_2829991,2023-10-15 06:45:24,Team BDS,top,Adam,1926.6
ESPORTSTMNT06_2829991,2023-10-15 06:45:24,Team BDS,jng,Sheo,1477.3
ESPORTSTMNT06_2829991,2023-10-15 06:45:24,Team BDS,mid,nuc,2889.5
ESPORTSTMNT06_2829991,2023-10-15 06:45:24,Team BDS,bot,Crownie,3049.1
ESPORTSTMNT06_2829991,2023-10-15 06:45:24,Team BDS,sup,Labrov,1767.5
ESPORTSTMNT06_2829999,2023-10-15 07:41:09,Team BDS,top,Adam,1670.3
ESPORTSTMNT06_2829999,2023-10-15 07:41:09,Team BDS,jng,Sheo,2023.1
ESPORTSTMNT06_2829999,2023-10-15 07:41:09,Team BDS,mid,nuc,2149.0
ESPORTSTMNT06_2829999,2023-10-15 07:41:09,Team BDS,bot,Crownie,1972.3
ESPORTSTMNT06_2829999,2023-10-15 07:41:09,Team BDS,sup,Labrov,1540.6000000000001
ESPORTSTMNT06_2829999,2023-10-15 07:41:09,PSG Talon,top,Azhi,2644.7
ESPORTSTMNT06_2829999,2023-10-15 07:41:09,PSG Talon,jng,JunJia,1911.2
ESPORTSTMNT06_2829999,2023-10-15 07:41:09,PSG Talon,mid,Maple,3646.6
ESPORTSTMNT06_2829999,2023-10-15 07:41:09,PSG Talon,bot,Wako,2962.7
ESPORTSTMNT06_2829999,2023-10-15 07:41:09,PSG Talon,sup,Woody,2168.9
ESPORTSTMNT06_2831008,2023-10-15 08:30:03,Team BDS,top,Adam,4950.0
ESPORTSTMNT06_2831008,2023-10-15 08:30:03,Team BDS,jng,Sheo,4453.299999999999
ESPORTSTMNT06_2831008,2023-10-15 08:30:03,Team BDS,mid,nuc,6248.2
ESPORTSTMNT06_2831008,2023-10-15 08:30:03,Team BDS,bot,Crownie,4676.2
ESPORTSTMNT06_2831008,2023-10-15 08:30:03,Team BDS,sup,Labrov,2787.8
ESPORTSTMNT06_2831008,2023-10-15 08:30:03,PSG Talon,top,Azhi,5826.3
ESPORTSTMNT06_2831008,2023-10-15 08:30:03,PSG Talon,jng,JunJia,2732.6
ESPORTSTMNT06_2831008,2023-10-15 08:30:03,PSG Talon,mid,Maple,4454.4
ESPORTSTMNT06_2831008,2023-10-15 08:30:03,PSG Talon,bot,Wako,5854.3
ESPORTSTMNT06_2831008,2023-10-15 08:30:03,PSG Talon,sup,Woody,2828.2
ESPORTSTMNT06_2830032,2023-10-15 09:32:00,PSG Talon,top,Azhi,1727.2
ESPORTSTMNT06_2830032,2023-10-15 09:32:00,PSG Talon,jng,JunJia,2254.4
ESPORTSTMNT06_2830032,2023-10-15 09:32:00,PSG Talon,mid,Maple,2877.9
ESPORTSTMNT06_2830032,2023-10-15 09:32:00,PSG Talon,bot,Wako,2531.9
ESPORTSTMNT06_2830032,2023-10-15 09:32:00,PSG Talon,sup,Woody,1680.1
ESPORTSTMNT06_2830032,2023-10-15 09:32:00,Team BDS,top,Adam,3147.1
ESPORTSTMNT06_2830032,2023-10-15 09:32:00,Team BDS,jng,Sheo,2279.6000000000004
ESPORTSTMNT06_2830032,2023-10-15 09:32:00,Team BDS,mid,nuc,2719.9
ESPORTSTMNT06_2830032,2023-10-15 09:32:00,Team BDS,bot,Crownie,3969.7
ESPORTSTMNT06_2830032,2023-10-15 09:32:00,Team BDS,sup,Labrov,2458.1000000000004
ESPORTSTMNT06_2830000,2023-10-15 10:18:58,PSG Talon,top,Azhi,3118.8
ESPORTSTMNT06_2830000,2023-10-15 10:18:58,PSG Talon,jng,JunJia,2477.2
ESPORTSTMNT06_2830000,2023-10-15 10:18:58,PSG Talon,mid,Maple,4363.8
ESPORTSTMNT06_2830000,2023-10-15 10:18:58,PSG Talon,bot,Wako,4771.7
ESPORTSTMNT06_2830000,2023-10-15 10:18:58,PSG Talon,sup,Woody,2263.5
ESPORTSTMNT06_2830000,2023-10-15 10:18:58,Team BDS,top,Adam,3004.2
ESPORTSTMNT06_2830000,2023-10-15 10:18:58,Team BDS,jng,Sheo,4036.7999999999997
ESPORTSTMNT06_2830000,2023-10-15 10:18:58,Team BDS,mid,nuc,4442.9
ESPORTSTMNT06_2830000,2023-10-15 10:18:58,Team BDS,bot,Crownie,3737.9
ESPORTSTMNT06_2830000,2023-10-15 10:18:58,Team BDS,sup,Labrov,2456.7000000000003
ESPORTSTMNT03_3216888,2023-10-19 05:16:33,T1,top,Zeus,4591.7
ESPORTSTMNT03_3216888,2023-10-19 05:16:33,T1,jng,Oner,2331.1
ESPORTSTMNT03_3216888,2023-10-19 05:16:33,T1,mid,Faker,3235.8
ESPORTSTMNT03_3216888,2023-10-19 05:16:33,T1,bot,Gumayusi,4311.6
ESPORTSTMNT03_3216888,2023-10-19 05:16:33,T1,sup,Keria,3328.7
ESPORTSTMNT03_3216888,2023-10-19 05:16:33,Team Liquid,top,Summit,2361.8
ESPORTSTMNT03_3216888,2023-10-19 05:16:33,Team Liquid,jng,Pyosik,2752.6
ESPORTSTMNT03_3216888,2023-10-19 05:16:33,Team Liquid,mid,APA,2644.5
ESPORTSTMNT03_3216888,2023-10-19 05:16:33,Team Liquid,bot,Yeon,3092.8
ESPORTSTMNT03_3216888,2023-10-19 05:16:33,Team Liquid,sup,CoreJJ,2341.8
ESPORTSTMNT03_3218003,2023-10-19 06:27:15,Cloud9,top,Fudge,2663.0
ESPORTSTMNT03_3218003,2023-10-19 06:27:15,Cloud9,jng,Blaber,2998.1
ESPORTSTMNT03_3218003,2023-10-19 06:27:15,Cloud9,mid,EMENES,1463.9
ESPORTSTMNT03_3218003,2023-10-19 06:27:15,Cloud9,bot,Berserker,2552.5
ESPORTSTMNT03_3218003,2023-10-19 06:27:15,Cloud9,sup,Zven,1723.0
ESPORTSTMNT03_3218003,2023-10-19 06:27:15,MAD Lions KOI,top,Chasy,2211.2
ESPORTSTMNT03_3218003,2023-10-19 06:27:15,MAD Lions KOI,jng,Elyoya,1486.8
ESPORTSTMNT03_3218003,2023-10-19 06:27:15,MAD Lions KOI,mid,Nisqy,2725.6
ESPORTSTMNT03_3218003,2023-10-19 06:27:15,MAD Lions KOI,bot,Carzzy,2857.2
ESPORTSTMNT03_3218003,2023-10-19 06:27:15,MAD Lions KOI,sup,Hylissang,1650.2
ESPORTSTMNT03_3217922,2023-10-19 07:26:16,Gen.G,top,Doran,2662.4
ESPORTSTMNT03_3217922,2023-10-19 07:26:16,Gen.G,jng,Peanut,2391.8999999999996
ESPORTSTMNT03_3217922,2023-10-19 07:26:16,Gen.G,mid,Chovy,2805.7
ESPORTSTMNT03_3217922,2023-10-19 07:26:16,Gen.G,bot,Peyz,2321.8
ESPORTSTMNT03_3217922,2023-10-19 07:26:16,Gen.G,sup,Delight,1763.9
ESPORTSTMNT03_3217922,2023-10-19 07:26:16,GAM Esports,top,Kiaya,2071.9
ESPORTSTMNT03_3217922,2023-10-19 07:26:16,GAM Esports,jng,Levi,1339.3
ESPORTSTMNT03_3217922,2023-10-19 07:26:16,GAM Esports,mid,Kati,1442.0
ESPORTSTMNT03_3217922,2023-10-19 07:26:16,GAM Esports,bot,Slayder,1840.6
ESPORTSTMNT03_3217922,2023-10-19 07:26:16,GAM Esports,sup,Palette,1422.3999999999999
ESPORTSTMNT03_3217931,2023-10-19 08:30:33,Team BDS,top,Adam,2331.2
ESPORTSTMNT03_3217931,2023-10-19 08:30:33,Team BDS,jng,Sheo,1555.3000000000002
ESPORTSTMNT03_3217931,2023-10-19 08:30:33,Team BDS,mid,nuc,2202.9
ESPORTSTMNT03_3217931,2023-10-19 08:30:33,Team BDS,bot,Crownie,1635.6
ESPORTSTMNT03_3217931,2023-10-19 08:30:33,Team BDS,sup,Labrov,1733.6000000000001
ESPORTSTMNT03_3217931,2023-10-19 08:30:33,JD Gaming,top,369,2181.4
ESPORTSTMNT03_3217931,2023-10-19 08:30:33,JD Gaming,jng,Kanavi,2300.1
ESPORTSTMNT03_3217931,2023-10-19 08:30:33,JD Gaming,mid,knight,2569.7
ESPORTSTMNT03_3217931,2023-10-19 08:30:33,JD Gaming,bot,Ruler,3333.6
ESPORTSTMNT03_3217931,2023-10-19 08:30:33,JD Gaming,sup,MISSING,1931.3999999999999
ESPORTSTMNT03_3216935,2023-10-19 09:25:46,G2 Esports,top,BrokenBlade,3688.2
ESPORTSTMNT03_3216935,2023-10-19 09:25:46,G2 Esports,jng,Yike,5126.7
ESPORTSTMNT03_3216935,2023-10-19 09:25:46,G2 Esports,mid,Caps,3041.0
ESPORTSTMNT03_3216935,2023-10-19 09:25:46,G2 Esports,bot,Hans Sama,4742.2
ESPORTSTMNT03_3216935,2023-10-19 09:25:46,G2 Esports,sup,Mikyx,3373.3
ESPORTSTMNT03_3216935,2023-10-19 09:25:46,Dplus KIA,top,Canna,6116.2
ESPORTSTMNT03_3216935,2023-10-19 09:25:46,Dplus KIA,jng,Canyon,2138.3
ESPORTSTMNT03_3216935,2023-10-19 09:25:46,Dplus KIA,mid,ShowMaker,5762.5
ESPORTSTMNT03_3216935,2023-10-19 09:25:46,Dplus KIA,bot,Deft,5788.6
ESPORTSTMNT03_3216935,2023-10-19 09:25:46,Dplus KIA,sup,Kellin,2262.6
ESPORTSTMNT03_3216952,2023-10-19 10:39:50,Weibo Gaming,top,TheShy,3560.5
ESPORTSTMNT03_3216952,2023-10-19 10:39:50,Weibo Gaming,jng,Weiwei,1902.3
ESPORTSTMNT03_3216952,2023-10-19 10:39:50,Weibo Gaming,mid,Xiaohu,3323.1
ESPORTSTMNT03_3216952,2023-10-19 10:39:50,Weibo Gaming,bot,Light,3035.0
ESPORTSTMNT03_3216952,2023-10-19 10:39:50,Weibo Gaming,sup,Crisp,1842.5
ESPORTSTMNT03_3216952,2023-10-19 10:39:50,NRG Kia,top,Dhokla,1512.0
ESPORTSTMNT03_3216952,2023-10-19 10:39:50,NRG Kia,jng,Contractz,1861.4
ESPORTSTMNT03_3216952,2023-10-19 10:39:50,NRG Kia,mid,Palafox,1985.7
ESPORTSTMNT03_3216952,2023-10-19 10:39:50,NRG Kia,bot,FBI,1547.0
ESPORTSTMNT03_3216952,2023-10-19 10:39:50,NRG Kia,sup,IgNar,1291.9
ESPORTSTMNT03_3216971,2023-10-19 11:36:22,LNG Esports,top,Zika,3121.5
ESPORTSTMNT03_3216971,2023-10-19 11:36:22,LNG Esports,jng,Tarzan,2365.2
ESPORTSTMNT03_3216971,2023-10-19 11:36:22,LNG Esports,mid,Scout,4479.0
ESPORTSTMNT03_3216971,2023-10-19 11:36:22,LNG Esports,bot,GALA,3164.4
ESPORTSTMNT03_3216971,2023-10-19 11:36:22,LNG Esports,sup,Hang,2233.5
ESPORTSTMNT03_3216971,2023-10-19 11:36:22,Fnatic,top,Oscarinin,2200.9
ESPORTSTMNT03_3216971,2023-10-19 11:36:22,Fnatic,jng,Razork,3306.1
ESPORTSTMNT03_3216971,2023-10-19 11:36:22,Fnatic,mid,Humanoid,2720.7
ESPORTSTMNT03_3216971,2023-10-19 11:36:22,Fnatic,bot,Noah,2555.4
ESPORTSTMNT03_3216971,2023-10-19 11:36:22,Fnatic,sup,Trymbi,1901.9
ESPORTSTMNT03_3219025,2023-10-19 12:33:49,Bilibili Gaming,top,Bin,4461.3
ESPORTSTMNT03_3219025,2023-10-19 12:33:49,Bilibili Gaming,jng,Xun,5143.4
ESPORTSTMNT03_3219025,2023-10-19 12:33:49,Bilibili Gaming,mid,Yagao,6750.9
ESPORTSTMNT03_3219025,2023-10-19 12:33:49,Bilibili Gaming,bot,Elk,7578.3
ESPORTSTMNT03_3219025,2023-10-19 12:33:49,Bilibili Gaming,sup,ON,3711.8999999999996
ESPORTSTMNT03_3219025,2023-10-19 12:33:49,KT Rolster,top,Kiin,3695.5
ESPORTSTMNT03_3219025,2023-10-19 12:33:49,KT Rolster,jng,Cuzz,2689.7
ESPORTSTMNT03_3219025,2023-10-19 12:33:49,KT Rolster,mid,Bdd,4477.3
ESPORTSTMNT03_3219025,2023-10-19 12:33:49,KT Rolster,bot,Aiming,5295.2
ESPORTSTMNT03_3219025,2023-10-19 12:33:49,KT Rolster,sup,Lehends,2606.2000000000003
ESPORTSTMNT03_3220077,2023-10-20 05:11:30,NRG Kia,top,Dhokla,3478.1
ESPORTSTMNT03_3220077,2023-10-20 05:11:30,NRG Kia,jng,Contractz,2456.1
ESPORTSTMNT03_3220077,2023-10-20 05:11:30,NRG Kia,mid,Palafox,3320.5
ESPORTSTMNT03_3220077,2023-10-20 05:11:30,NRG Kia,bot,FBI,3216.0
ESPORTSTMNT03_3220077,2023-10-20 05:11:30,NRG Kia,sup,IgNar,2843.9
ESPORTSTMNT03_3220077,2023-10-20 05:11:30,Team Liquid,top,Summit,2120.5
ESPORTSTMNT03_3220077,2023-10-20 05:11:30,Team Liquid,jng,Pyosik,2245.7999999999997
ESPORTSTMNT03_3220077,2023-10-20 05:11:30,Team Liquid,mid,APA,2518.7
ESPORTSTMNT03_3220077,2023-10-20 05:11:30,Team Liquid,bot,Yeon,2596.8
ESPORTSTMNT03_3220077,2023-10-20 05:11:30,Team Liquid,sup,CoreJJ,1537.4
ESPORTSTMNT03_3220092,2023-10-20 06:10:17,Cloud9,top,Fudge,2935.3
ESPORTSTMNT03_3220092,2023-10-20 06:10:17,Cloud9,jng,Blaber,2126.4
ESPORTSTMNT03_3220092,2023-10-20 06:10:17,Cloud9,mid,EMENES,3022.1
ESPORTSTMNT03_3220092,2023-10-20 06:10:17,Cloud9,bot,Berserker,2620.1
ESPORTSTMNT03_3220092,2023-10-20 06:10:17,Cloud9,sup,Zven,2333.8
ESPORTSTMNT03_3220092,2023-10-20 06:10:17,LNG Esports,top,Zika,3659.2
ESPORTSTMNT03_3220092,2023-10-20 06:10:17,LNG Esports,jng,Tarzan,3000.0
ESPORTSTMNT03_3220092,2023-10-20 06:10:17,LNG Esports,mid,Scout,4303.3
ESPORTSTMNT03_3220092,2023-10-20 06:10:17,LNG Esports,bot,GALA,3396.0
ESPORTSTMNT03_3220092,2023-10-20 06:10:17,LNG Esports,sup,Hang,2069.8
ESPORTSTMNT03_3219136,2023-10-20 07:32:53,MAD Lions KOI,top,Chasy,3723.7
ESPORTSTMNT03_3219136,2023-10-20 07:32:53,MAD Lions KOI,jng,Elyoya,2715.3
ESPORTSTMNT03_3219136,2023-10-20 07:32:53,MAD Lions KOI,mid,Nisqy,2444.5
ESPORTSTMNT03_3219136,2023-10-20 07:32:53,MAD Lions KOI,bot,Carzzy,3905.8
ESPORTSTMNT03_3219136,2023-10-20 07:32:53,MAD Lions KOI,sup,Hylissang,2298.0
ESPORTSTMNT03_3219136,2023-10-20 07:32:53,Team BDS,top,Adam,2026.5
ESPORTSTMNT03_3219136,2023-10-20 07:32:53,Team BDS,jng,Sheo,1453.6000000000001
ESPORTSTMNT03_3219136,2023-10-20 07:32:53,Team BDS,mid,nuc,3589.7
ESPORTSTMNT03_3219136,2023-10-20 07:32:53,Team BDS,bot,Crownie,2572.6
ESPORTSTMNT03_3219136,2023-10-20 07:32:53,Team BDS,sup,Labrov,1889.4
ESPORTSTMNT03_3220115,2023-10-20 08:29:39,Fnatic,top,Oscarinin,2523.3
ESPORTSTMNT03_3220115,2023-10-20 08:29:39,Fnatic,jng,Razork,1772.8
ESPORTSTMNT03_3220115,2023-10-20 08:29:39,Fnatic,mid,Humanoid,3195.7
ESPORTSTMNT03_3220115,2023-10-20 08:29:39,Fnatic,bot,Noah,2788.2
ESPORTSTMNT03_3220115,2023-10-20 08:29:39,Fnatic,sup,Trymbi,1580.5
ESPORTSTMNT03_3220115,2023-10-20 08:29:39,GAM Esports,top,Kiaya,2093.4
ESPORTSTMNT03_3220115,2023-10-20 08:29:39,GAM Esports,jng,Levi,1433.9
ESPORTSTMNT03_3220115,2023-10-20 08:29:39,GAM Esports,mid,Kati,2586.0
ESPORTSTMNT03_3220115,2023-10-20 08:29:39,GAM Esports,bot,Slayder,1563.5
ESPORTSTMNT03_3220115,2023-10-20 08:29:39,GAM Esports,sup,Palette,1278.4
ESPORTSTMNT03_3220119,2023-10-20 09:21:32,Gen.G,top,Doran,2716.6
ESPORTSTMNT03_3220119,2023-10-20 09:21:32,Gen.G,jng,Peanut,2278.4
ESPORTSTMNT03_3220119,2023-10-20 09:21:32,Gen.G,mid,Chovy,2800.1
ESPORTSTMNT03_3220119,2023-10-20 09:21:32,Gen.G,bot,Peyz,3016.1
ESPORTSTMNT03_3220119,2023-10-20 09:21:32,Gen.G,sup,Delight,1724.4
ESPORTSTMNT03_3220119,2023-10-20 09:21:32,T1,top,Zeus,1972.9
ESPORTSTMNT03_3220119,2023-10-20 09:21:32,T1,jng,Oner,1706.3000000000002
ESPORTSTMNT03_3220119,2023-10-20 09:21:32,T1,mid,Faker,3589.7
ESPORTSTMNT03_3220119,2023-10-20 09:21:32,T1,bot,Gumayusi,1735.4
ESPORTSTMNT03_3220119,2023-10-20 09:21:32,T1,sup,Keria,1311.7
ESPORTSTMNT03_3221117,2023-10-20 10:16:29,G2 Esports,top,BrokenBlade,4185.6
ESPORTSTMNT03_3221117,2023-10-20 10:16:29,G2 Esports,jng,Yike,2448.5
ESPORTSTMNT03_3221117,2023-10-20 10:16:29,G2 Esports,mid,Caps,4430.6
ESPORTSTMNT03_3221117,2023-10-20 10:16:29,G2 Esports,bot,Hans Sama,6018.7
ESPORTSTMNT03_3221117,2023-10-20 10:16:29,G2 Esports,sup,Mikyx,3543.2
ESPORTSTMNT03_3221117,2023-10-20 10:16:29,Weibo Gaming,top,TheShy,4300.4
ESPORTSTMNT03_3221117,2023-10-20 10:16:29,Weibo Gaming,jng,Weiwei,3934.7999999999997
ESPORTSTMNT03_3221117,2023-10-20 10:16:29,Weibo Gaming,mid,Xiaohu,4503.1
ESPORTSTMNT03_3221117,2023-10-20 10:16:29,Weibo Gaming,bot,Light,4420.8
ESPORTSTMNT03_3221117,2023-10-20 10:16:29,Weibo Gaming,sup,Crisp,2603.5
ESPORTSTMNT03_3221130,2023-10-20 11:23:33,JD Gaming,top,369,2570.8
ESPORTSTMNT03_3221130,2023-10-20 11:23:33,JD Gaming,jng,Kanavi,2898.3
ESPORTSTMNT03_3221130,2023-10-20 11:23:33,JD Gaming,mid,knight,3213.8
ESPORTSTMNT03_3221130,2023-10-20 11:23:33,JD Gaming,bot,Ruler,3519.6
ESPORTSTMNT03_3221130,2023-10-20 11:23:33,JD Gaming,sup,MISSING,1931.6999999999998
ESPORTSTMNT03_3221130,2023-10-20 11:23:33,Bilibili Gaming,top,Bin,2497.7
ESPORTSTMNT03_3221130,2023-10-20 11:23:33,Bilibili Gaming,jng,Xun,1388.5
ESPORTSTMNT03_3221130,2023-10-20 11:23:33,Bilibili Gaming,mid,Yagao,2256.6
ESPORTSTMNT03_3221130,2023-10-20 11:23:33,Bilibili Gaming,bot,Elk,2300.0
ESPORTSTMNT03_3221130,2023-10-20 11:23:33,Bilibili Gaming,sup,ON,1890.6999999999998
ESPORTSTMNT03_3220154,2023-10-20 12:12:39,Dplus KIA,top,Canna,2453.3
ESPORTSTMNT03_3220154,2023-10-20 12:12:39,Dplus KIA,jng,Canyon,1593.3999999999999
ESPORTSTMNT03_3220154,2023-10-20 12:12:39,Dplus KIA,mid,ShowMaker,4033.9
ESPORTSTMNT03_3220154,2023-10-20 12:12:39,Dplus KIA,bot,Deft,4199.7
ESPORTSTMNT03_3220154,2023-10-20 12:12:39,Dplus KIA,sup,Kellin,1342.7
ESPORTSTMNT03_3220154,2023-10-20 12:12:39,KT Rolster,top,Kiin,3085.9
ESPORTSTMNT03_3220154,2023-10-20 12:12:39,KT Rolster,jng,Cuzz,2295.8
ESPORTSTMNT03_3220154,2023-10-20 12:12:39,KT Rolster,mid,Bdd,2352.0
ESPORTSTMNT03_3220154,2023-10-20 12:12:39,KT Rolster,bot,Aiming,4060.1
ESPORTSTMNT03_3220154,2023-10-20 12:12:39,KT Rolster,sup,Lehends,1823.6
ESPORTSTMNT03_3219305,2023-10-21 07:11:26,JD Gaming,top,369,2224.0
ESPORTSTMNT03_3219305,2023-10-21 07:11:26,JD Gaming,jng,Kanavi,2356.6
ESPORTSTMNT03_3219305,2023-10-21 07:11:26,JD Gaming,mid,knight,3202.3
ESPORTSTMNT03_3219305,2023-10-21 07:11:26,JD Gaming,bot,Ruler,2878.3
ESPORTSTMNT03_3219305,2023-10-21 07:11:26,JD Gaming,sup,MISSING,2321.3
ESPORTSTMNT03_3219305,2023-10-21 07:11:26,LNG Esports,top,Zika,1811.7
ESPORTSTMNT03_3219305,2023-10-21 07:11:26,LNG Esports,jng,Tarzan,1733.5
ESPORTSTMNT03_3219305,2023-10-21 07:11:26,LNG Esports,mid,Scout,1702.1
ESPORTSTMNT03_3219305,2023-10-21 07:11:26,LNG Esports,bot,GALA,2144.3
ESPORTSTMNT03_3219305,2023-10-21 07:11:26,LNG Esports,sup,Hang,1613.5
ESPORTSTMNT03_3221271,2023-10-21 07:58:13,LNG Esports,top,Zika,2910.3
ESPORTSTMNT03_3221271,2023-10-21 07:58:13,LNG Esports,jng,Tarzan,1898.4
ESPORTSTMNT03_3221271,2023-10-21 07:58:13,LNG Esports,mid,Scout,2819.7
ESPORTSTMNT03_3221271,2023-10-21 07:58:13,LNG Esports,bot,GALA,3075.6
ESPORTSTMNT03_3221271,2023-10-21 07:58:13,LNG Esports,sup,Hang,2005.1000000000001
ESPORTSTMNT03_3221271,2023-10-21 07:58:13,JD Gaming,top,369,2327.4
ESPORTSTMNT03_3221271,2023-10-21 07:58:13,JD Gaming,jng,Kanavi,2039.3999999999999
ESPORTSTMNT03_3221271,2023-10-21 07:58:13,JD Gaming,mid,knight,3075.2
ESPORTSTMNT03_3221271,2023-10-21 07:58:13,JD Gaming,bot,Ruler,2363.6
ESPORTSTMNT03_3221271,2023-10-21 07:58:13,JD Gaming,sup,MISSING,1250.4
ESPORTSTMNT03_3219318,2023-10-21 08:47:41,JD Gaming,top,369,2919.3
ESPORTSTMNT03_3219318,2023-10-21 08:47:41,JD Gaming,jng,Kanavi,1858.9
ESPORTSTMNT03_3219318,2023-10-21 08:47:41,JD Gaming,mid,knight,2487.5
ESPORTSTMNT03_3219318,2023-10-21 08:47:41,JD Gaming,bot,Ruler,2349.9
ESPORTSTMNT03_3219318,2023-10-21 08:47:41,JD Gaming,sup,MISSING,2117.1
ESPORTSTMNT03_3219318,2023-10-21 08:47:41,LNG Esports,top,Zika,1970.8
ESPORTSTMNT03_3219318,2023-10-21 08:47:41,LNG Esports,jng,Tarzan,1455.0
ESPORTSTMNT03_3219318,2023-10-21 08:47:41,LNG Esports,mid,Scout,2126.2
ESPORTSTMNT03_3219318,2023-10-21 08:47:41,LNG Esports,bot,GALA,2574.0
ESPORTSTMNT03_3219318,2023-10-21 08:47:41,LNG Esports,sup,Hang,1589.3000000000002
ESPORTSTMNT03_3221276,2023-10-21 09:38:23,G2 Esports,top,BrokenBlade,3016.0
ESPORTSTMNT03_3221276,2023-10-21 09:38:23,G2 Esports,jng,Yike,2752.1
ESPORTSTMNT03_3221276,2023-10-21 09:38:23,G2 Esports,mid,Caps,3516.9
ESPORTSTMNT03_3221276,2023-10-21 09:38:23,G2 Esports,bot,Hans Sama,3053.8
ESPORTSTMNT03_3221276,2023-10-21 09:38:23,G2 Esports,sup,Mikyx,2495.8
ESPORTSTMNT03_3221276,2023-10-21 09:38:23,Gen.G,top,Doran,4233.9
ESPORTSTMNT03_3221276,2023-10-21 09:38:23,Gen.G,jng,Peanut,2620.7
ESPORTSTMNT03_3221276,2023-10-21 09:38:23,Gen.G,mid,Chovy,4193.1
ESPORTSTMNT03_3221276,2023-10-21 09:38:23,Gen.G,bot,Peyz,3760.8
ESPORTSTMNT03_3221276,2023-10-21 09:38:23,Gen.G,sup,Delight,2123.6
ESPORTSTMNT03_3219326,2023-10-21 10:28:40,G2 Esports,top,BrokenBlade,2245.1
ESPORTSTMNT03_3219326,2023-10-21 10:28:40,G2 Esports,jng,Yike,2546.1
ESPORTSTMNT03_3219326,2023-10-21 10:28:40,G2 Esports,mid,Caps,3573.2
ESPORTSTMNT03_3219326,2023-10-21 10:28:40,G2 Esports,bot,Hans Sama,2730.0
ESPORTSTMNT03_3219326,2023-10-21 10:28:40,G2 Esports,sup,Mikyx,2058.4
ESPORTSTMNT03_3219326,2023-10-21 10:28:40,Gen.G,top,Doran,3688.9
ESPORTSTMNT03_3219326,2023-10-21 10:28:40,Gen.G,jng,Peanut,2388.9
ESPORTSTMNT03_3219326,2023-10-21 10:28:40,Gen.G,mid,Chovy,3831.1
ESPORTSTMNT03_3219326,2023-10-21 10:28:40,Gen.G,bot,Peyz,4761.2
ESPORTSTMNT03_3219326,2023-10-21 10:28:40,Gen.G,sup,Delight,2288.3
ESPORTSTMNT03_3221373,2023-10-22 07:11:08,T1,top,Zeus,2870.9
ESPORTSTMNT03_3221373,2023-10-22 07:11:08,T1,jng,Oner,2637.5
ESPORTSTMNT03_3221373,2023-10-22 07:11:08,T1,mid,Faker,1467.1
ESPORTSTMNT03_3221373,2023-10-22 07:11:08,T1,bot,Gumayusi,2663.1
ESPORTSTMNT03_3221373,2023-10-22 07:11:08,T1,sup,Keria,2304.5
ESPORTSTMNT03_3221373,2023-10-22 07:11:08,Cloud9,top,Fudge,1619.3
ESPORTSTMNT03_3221373,2023-10-22 07:11:08,Cloud9,jng,Blaber,965.8000000000001
ESPORTSTMNT03_3221373,2023-10-22 07:11:08,Cloud9,mid,EMENES,1725.3
ESPORTSTMNT03_3221373,2023-10-22 07:11:08,Cloud9,bot,Berserker,1397.6
ESPORTSTMNT03_3221373,2023-10-22 07:11:08,Cloud9,sup,Zven,1496.1000000000001
ESPORTSTMNT03_3219448,2023-10-22 07:58:04,NRG Kia,top,Dhokla,4033.5
ESPORTSTMNT03_3219448,2023-10-22 07:58:04,NRG Kia,jng,Contractz,4484.2
ESPORTSTMNT03_3219448,2023-10-22 07:58:04,NRG Kia,mid,Palafox,5000.5
ESPORTSTMNT03_3219448,2023-10-22 07:58:04,NRG Kia,bot,FBI,5958.5
ESPORTSTMNT03_3219448,2023-10-22 07:58:04,NRG Kia,sup,IgNar,2770.3
ESPORTSTMNT03_3219448,2023-10-22 07:58:04,MAD Lions KOI,top,Chasy,3877.0
ESPORTSTMNT03_3219448,2023-10-22 07:58:04,MAD Lions KOI,jng,Elyoya,2391.2000000000003
ESPORTSTMNT03_3219448,2023-10-22 07:58:04,MAD Lions KOI,mid,Nisqy,4366.5
ESPORTSTMNT03_3219448,2023-10-22 07:58:04,MAD Lions KOI,bot,Carzzy,4337.6
ESPORTSTMNT03_3219448,2023-10-22 07:58:04,MAD Lions KOI,sup,Hylissang,3172.9
ESPORTSTMNT03_3220442,2023-10-22 09:08:52,Bilibili Gaming,top,Bin,3392.4
ESPORTSTMNT03_3220442,2023-10-22 09:08:52,Bilibili Gaming,jng,Xun,2350.8
ESPORTSTMNT03_3220442,2023-10-22 09:08:52,Bilibili Gaming,mid,Yagao,3067.9
ESPORTSTMNT03_3220442,2023-10-22 09:08:52,Bilibili Gaming,bot,Elk,5786.2
ESPORTSTMNT03_3220442,2023-10-22 09:08:52,Bilibili Gaming,sup,ON,2684.7000000000003
ESPORTSTMNT03_3220442,2023-10-22 09:08:52,Fnatic,top,Oscarinin,2988.7
ESPORTSTMNT03_3220442,2023-10-22 09:08:52,Fnatic,jng,Razork,2198.2
ESPORTSTMNT03_3220442,2023-10-22 09:08:52,Fnatic,mid,Humanoid,2499.4
ESPORTSTMNT03_3220442,2023-10-22 09:08:52,Fnatic,bot,Noah,3000.2
ESPORTSTMNT03_3220442,2023-10-22 09:08:52,Fnatic,sup,Trymbi,2095.6
ESPORTSTMNT03_3220452,2023-10-22 10:06:38,KT Rolster,top,Kiin,3124.7
ESPORTSTMNT03_3220452,2023-10-22 10:06:38,KT Rolster,jng,Cuzz,2936.4
ESPORTSTMNT03_3220452,2023-10-22 10:06:38,KT Rolster,mid,Bdd,3766.7
ESPORTSTMNT03_3220452,2023-10-22 10:06:38,KT Rolster,bot,Aiming,5538.0
ESPORTSTMNT03_3220452,2023-10-22 10:06:38,KT Rolster,sup,Lehends,2575.6
ESPORTSTMNT03_3220452,2023-10-22 10:06:38,Weibo Gaming,top,TheShy,3466.5
ESPORTSTMNT03_3220452,2023-10-22 10:06:38,Weibo Gaming,jng,Weiwei,1726.6000000000001
ESPORTSTMNT03_3220452,2023-10-22 10:06:38,Weibo Gaming,mid,Xiaohu,3259.4
ESPORTSTMNT03_3220452,2023-10-22 10:06:38,Weibo Gaming,bot,Light,4298.5
ESPORTSTMNT03_3220452,2023-10-22 10:06:38,Weibo Gaming,sup,Crisp,1763.1
ESPORTSTMNT03_3220521,2023-10-23 07:12:04,Team Liquid,top,Summit,1786.4
ESPORTSTMNT03_3220521,2023-10-23 07:12:04,Team Liquid,jng,Pyosik,1734.8
ESPORTSTMNT03_3220521,2023-10-23 07:12:04,Team Liquid,mid,APA,2786.5
ESPORTSTMNT03_3220521,2023-10-23 07:12:04,Team Liquid,bot,Yeon,2590.6
ESPORTSTMNT03_3220521,2023-10-23 07:12:04,Team Liquid,sup,CoreJJ,1595.9
ESPORTSTMNT03_3220521,2023-10-23 07:12:04,GAM Esports,top,Kiaya,3383.0
ESPORTSTMNT03_3220521,2023-10-23 07:12:04,GAM Esports,jng,Levi,2328.1
ESPORTSTMNT03_3220521,2023-10-23 07:12:04,GAM Esports,mid,Kati,3495.5
ESPORTSTMNT03_3220521,2023-10-23 07:12:04,GAM Esports,bot,Slayder,2698.3
ESPORTSTMNT03_3220521,2023-10-23 07:12:04,GAM Esports,sup,Palette,2008.1000000000001
ESPORTSTMNT03_3219546,2023-10-23 08:01:39,Team Liquid,top,Summit,2104.2
ESPORTSTMNT03_3219546,2023-10-23 08:01:39,Team Liquid,jng,Pyosik,2685.0
ESPORTSTMNT03_3219546,2023-10-23 08:01:39,Team Liquid,mid,APA,2262.7
ESPORTSTMNT03_3219546,2023-10-23 08:01:39,Team Liquid,bot,Yeon,2123.5
ESPORTSTMNT03_3219546,2023-10-23 08:01:39,Team Liquid,sup,CoreJJ,1546.0
ESPORTSTMNT03_3219546,2023-10-23 08:01:39,GAM Esports,top,Kiaya,2459.8
ESPORTSTMNT03_3219546,2023-10-23 08:01:39,GAM Esports,jng,Levi,1543.8000000000002
ESPORTSTMNT03_3219546,2023-10-23 08:01:39,GAM Esports,mid,Kati,2401.8
ESPORTSTMNT03_3219546,2023-10-23 08:01:39,GAM Esports,bot,Slayder,1905.2
ESPORTSTMNT03_3219546,2023-10-23 08:01:39,GAM Esports,sup,Palette,1639.2
ESPORTSTMNT03_3221490,2023-10-23 08:46:50,GAM Esports,top,Kiaya,3303.7
ESPORTSTMNT03_3221490,2023-10-23 08:46:50,GAM Esports,jng,Levi,3487.2
ESPORTSTMNT03_3221490,2023-10-23 08:46:50,GAM Esports,mid,Kati,4148.9
ESPORTSTMNT03_3221490,2023-10-23 08:46:50,GAM Esports,bot,Slayder,3198.6
ESPORTSTMNT03_3221490,2023-10-23 08:46:50,GAM Esports,sup,Palette,2165.3
ESPORTSTMNT03_3221490,2023-10-23 08:46:50,Team Liquid,top,Summit,3065.6
ESPORTSTMNT03_3221490,2023-10-23 08:46:50,Team Liquid,jng,Pyosik,1737.2
ESPORTSTMNT03_3221490,2023-10-23 08:46:50,Team Liquid,mid,APA,3279.8
ESPORTSTMNT03_3221490,2023-10-23 08:46:50,Team Liquid,bot,Yeon,2671.0
ESPORTSTMNT03_3221490,2023-10-23 08:46:50,Team Liquid,sup,CoreJJ,2045.0
ESPORTSTMNT03_3220544,2023-10-23 09:51:41,Dplus KIA,top,Canna,2948.9
ESPORTSTMNT03_3220544,2023-10-23 09:51:41,Dplus KIA,jng,Canyon,2433.0
ESPORTSTMNT03_3220544,2023-10-23 09:51:41,Dplus KIA,mid,ShowMaker,2379.9
ESPORTSTMNT03_3220544,2023-10-23 09:51:41,Dplus KIA,bot,Deft,3025.7
ESPORTSTMNT03_3220544,2023-10-23 09:51:41,Dplus KIA,sup,Kellin,2775.6000000000004
ESPORTSTMNT03_3220544,2023-10-23 09:51:41,Team BDS,top,Adam,1294.8
ESPORTSTMNT03_3220544,2023-10-23 09:51:41,Team BDS,jng,Sheo,1331.7
ESPORTSTMNT03_3220544,2023-10-23 09:51:41,Team BDS,mid,nuc,1861.0
ESPORTSTMNT03_3220544,2023-10-23 09:51:41,Team BDS,bot,Crownie,2151.1
ESPORTSTMNT03_3220544,2023-10-23 09:51:41,Team BDS,sup,Labrov,1420.6
ESPORTSTMNT03_3220561,2023-10-23 10:36:07,Team BDS,top,Adam,1581.8
ESPORTSTMNT03_3220561,2023-10-23 10:36:07,Team BDS,jng,Sheo,1308.5
ESPORTSTMNT03_3220561,2023-10-23 10:36:07,Team BDS,mid,nuc,1465.5
ESPORTSTMNT03_3220561,2023-10-23 10:36:07,Team BDS,bot,Crownie,1576.1
ESPORTSTMNT03_3220561,2023-10-23 10:36:07,Team BDS,sup,Labrov,1270.1000000000001
ESPORTSTMNT03_3220561,2023-10-23 10:36:07,Dplus KIA,top,Canna,1853.1
ESPORTSTMNT03_3220561,2023-10-23 10:36:07,Dplus KIA,jng,Canyon,1898.4
ESPORTSTMNT03_3220561,2023-10-23 10:36:07,Dplus KIA,mid,ShowMaker,2373.8
ESPORTSTMNT03_3220561,2023-10-23 10:36:07,Dplus KIA,bot,Deft,2623.2
ESPORTSTMNT03_3220561,2023-10-23 10:36:07,Dplus KIA,sup,Kellin,1408.5
ESPORTSTMNT03_3221871,2023-10-26 07:10:58,Cloud9,top,Fudge,5834.5
ESPORTSTMNT03_3221871,2023-10-26 07:10:58,Cloud9,jng,Blaber,3572.1
ESPORTSTMNT03_3221871,2023-10-26 07:10:58,Cloud9,mid,EMENES,4572.1
ESPORTSTMNT03_3221871,2023-10-26 07:10:58,Cloud9,bot,Berserker,4338.6
ESPORTSTMNT03_3221871,2023-10-26 07:10:58,Cloud9,sup,Zven,2627.7
ESPORTSTMNT03_3221871,2023-10-26 07:10:58,Fnatic,top,Oscarinin,3225.1
ESPORTSTMNT03_3221871,2023-10-26 07:10:58,Fnatic,jng,Razork,2503.7999999999997
ESPORTSTMNT03_3221871,2023-10-26 07:10:58,Fnatic,mid,Humanoid,5286.5
ESPORTSTMNT03_3221871,2023-10-26 07:10:58,Fnatic,bot,Noah,3404.7
ESPORTSTMNT03_3221871,2023-10-26 07:10:58,Fnatic,sup,Trymbi,2072.5
ESPORTSTMNT03_3221880,2023-10-26 08:12:12,Fnatic,top,Oscarinin,3042.4
ESPORTSTMNT03_3221880,2023-10-26 08:12:12,Fnatic,jng,Razork,2814.2999999999997
ESPORTSTMNT03_3221880,2023-10-26 08:12:12,Fnatic,mid,Humanoid,3585.2
ESPORTSTMNT03_3221880,2023-10-26 08:12:12,Fnatic,bot,Noah,2625.1
ESPORTSTMNT03_3221880,2023-10-26 08:12:12,Fnatic,sup,Trymbi,1878.5
ESPORTSTMNT03_3221880,2023-10-26 08:12:12,Cloud9,top,Fudge,1853.9
ESPORTSTMNT03_3221880,2023-10-26 08:12:12,Cloud9,jng,Blaber,3288.5
ESPORTSTMNT03_3221880,2023-10-26 08:12:12,Cloud9,mid,EMENES,2557.9
ESPORTSTMNT03_3221880,2023-10-26 08:12:12,Cloud9,bot,Berserker,1863.5
ESPORTSTMNT03_3221880,2023-10-26 08:12:12,Cloud9,sup,Zven,1726.8000000000002
ESPORTSTMNT03_3220950,2023-10-26 08:59:34,Cloud9,top,Fudge,2524.2
ESPORTSTMNT03_3220950,2023-10-26 08:59:34,Cloud9,jng,Blaber,2254.6
ESPORTSTMNT03_3220950,2023-10-26 08:59:34,Cloud9,mid,EMENES,3357.4
ESPORTSTMNT03_3220950,2023-10-26 08:59:34,Cloud9,bot,Berserker,4463.2
ESPORTSTMNT03_3220950,2023-10-26 08:59:34,Cloud9,sup,Zven,1982.5
ESPORTSTMNT03_3220950,2023-10-26 08:59:34,Fnatic,top,Oscarinin,4293.0
ESPORTSTMNT03_3220950,2023-10-26 08:59:34,Fnatic,jng,Razork,3054.7
ESPORTSTMNT03_3220950,2023-10-26 08:59:34,Fnatic,mid,Humanoid,3761.7
ESPORTSTMNT03_3220950,2023-10-26 08:59:34,Fnatic,bot,Noah,4796.3
ESPORTSTMNT03_3220950,2023-10-26 08:59:34,Fnatic,sup,Trymbi,2590.1
ESPORTSTMNT03_3219949,2023-10-26 09:58:42,MAD Lions KOI,top,Chasy,2229.8
ESPORTSTMNT03_3219949,2023-10-26 09:58:42,MAD Lions KOI,jng,Elyoya,1931.1000000000001
ESPORTSTMNT03_3219949,2023-10-26 09:58:42,MAD Lions KOI,mid,Nisqy,4216.7
ESPORTSTMNT03_3219949,2023-10-26 09:58:42,MAD Lions KOI,bot,Carzzy,4200.4
ESPORTSTMNT03_3219949,2023-10-26 09:58:42,MAD Lions KOI,sup,Hylissang,2000.3999999999999
ESPORTSTMNT03_3219949,2023-10-26 09:58:42,Weibo Gaming,top,TheShy,3485.6
ESPORTSTMNT03_3219949,2023-10-26 09:58:42,Weibo Gaming,jng,Weiwei,1787.5
ESPORTSTMNT03_3219949,2023-10-26 09:58:42,Weibo Gaming,mid,Xiaohu,3098.1
ESPORTSTMNT03_3219949,2023-10-26 09:58:42,Weibo Gaming,bot,Light,4455.2
ESPORTSTMNT03_3219949,2023-10-26 09:58:42,Weibo Gaming,sup,Crisp,3229.7
ESPORTSTMNT03_3220979,2023-10-26 10:55:24,MAD Lions KOI,top,Chasy,2043.8
ESPORTSTMNT03_3220979,2023-10-26 10:55:24,MAD Lions KOI,jng,Elyoya,1867.0
ESPORTSTMNT03_3220979,2023-10-26 10:55:24,MAD Lions KOI,mid,Nisqy,2234.9
ESPORTSTMNT03_3220979,2023-10-26 10:55:24,MAD Lions KOI,bot,Carzzy,2547.6
ESPORTSTMNT03_3220979,2023-10-26 10:55:24,MAD Lions KOI,sup,Hylissang,1904.1999999999998
ESPORTSTMNT03_3220979,2023-10-26 10:55:24,Weibo Gaming,top,TheShy,3322.4
ESPORTSTMNT03_3220979,2023-10-26 10:55:24,Weibo Gaming,jng,Weiwei,1920.2
ESPORTSTMNT03_3220979,2023-10-26 10:55:24,Weibo Gaming,mid,Xiaohu,3508.9
ESPORTSTMNT03_3220979,2023-10-26 10:55:24,Weibo Gaming,bot,Light,3396.4
ESPORTSTMNT03_3220979,2023-10-26 10:55:24,Weibo Gaming,sup,Crisp,2129.5
ESPORTSTMNT03_3222049,2023-10-27 07:12:51,Dplus KIA,top,Canna,1544.7
ESPORTSTMNT03_3222049,2023-10-27 07:12:51,Dplus KIA,jng,Canyon,1442.8999999999999
ESPORTSTMNT03_3222049,2023-10-27 07:12:51,Dplus KIA,mid,ShowMaker,2290.0
ESPORTSTMNT03_3222049,2023-10-27 07:12:51,Dplus KIA,bot,Deft,2711.1
ESPORTSTMNT03_3222049,2023-10-27 07:12:51,Dplus KIA,sup,Kellin,1744.9
ESPORTSTMNT03_3222049,2023-10-27 07:12:51,GAM Esports,top,Kiaya,1658.7
ESPORTSTMNT03_3222049,2023-10-27 07:12:51,GAM Esports,jng,Levi,1252.1000000000001
ESPORTSTMNT03_3222049,2023-10-27 07:12:51,GAM Esports,mid,Kati,1802.0
ESPORTSTMNT03_3222049,2023-10-27 07:12:51,GAM Esports,bot,Slayder,1730.1
ESPORTSTMNT03_3222049,2023-10-27 07:12:51,GAM Esports,sup,Palette,1227.7
ESPORTSTMNT03_3223036,2023-10-27 08:00:54,GAM Esports,top,Kiaya,1504.8
ESPORTSTMNT03_3223036,2023-10-27 08:00:54,GAM Esports,jng,Levi,1409.0
ESPORTSTMNT03_3223036,2023-10-27 08:00:54,GAM Esports,mid,Kati,1513.7
ESPORTSTMNT03_3223036,2023-10-27 08:00:54,GAM Esports,bot,Slayder,1433.9
ESPORTSTMNT03_3223036,2023-10-27 08:00:54,GAM Esports,sup,Palette,1330.8
ESPORTSTMNT03_3223036,2023-10-27 08:00:54,Dplus KIA,top,Canna,3045.1
ESPORTSTMNT03_3223036,2023-10-27 08:00:54,Dplus KIA,jng,Canyon,1956.5
ESPORTSTMNT03_3223036,2023-10-27 08:00:54,Dplus KIA,mid,ShowMaker,3163.8
ESPORTSTMNT03_3223036,2023-10-27 08:00:54,Dplus KIA,bot,Deft,3263.9
ESPORTSTMNT03_3223036,2023-10-27 08:00:54,Dplus KIA,sup,Kellin,2002.9
ESPORTSTMNT03_3223037,2023-10-27 08:51:38,KT Rolster,top,Kiin,2292.1
ESPORTSTMNT03_3223037,2023-10-27 08:51:38,KT Rolster,jng,Cuzz,2278.9
ESPORTSTMNT03_3223037,2023-10-27 08:51:38,KT Rolster,mid,Bdd,3410.0
ESPORTSTMNT03_3223037,2023-10-27 08:51:38,KT Rolster,bot,Aiming,3672.4
ESPORTSTMNT03_3223037,2023-10-27 08:51:38,KT Rolster,sup,Lehends,1888.8
ESPORTSTMNT03_3223037,2023-10-27 08:51:38,LNG Esports,top,Zika,2534.5
ESPORTSTMNT03_3223037,2023-10-27 08:51:38,LNG Esports,jng,Tarzan,2197.0
ESPORTSTMNT03_3223037,2023-10-27 08:51:38,LNG Esports,mid,Scout,3374.1
ESPORTSTMNT03_3223037,2023-10-27 08:51:38,LNG Esports,bot,GALA,5233.9
ESPORTSTMNT03_3223037,2023-10-27 08:51:38,LNG Esports,sup,Hang,2462.8
ESPORTSTMNT03_3222000,2023-10-27 09:46:51,KT Rolster,top,Kiin,2792.1
ESPORTSTMNT03_3222000,2023-10-27 09:46:51,KT Rolster,jng,Cuzz,2328.7
ESPORTSTMNT03_3222000,2023-10-27 09:46:51,KT Rolster,mid,Bdd,2782.1
ESPORTSTMNT03_3222000,2023-10-27 09:46:51,KT Rolster,bot,Aiming,3457.8
ESPORTSTMNT03_3222000,2023-10-27 09:46:51,KT Rolster,sup,Lehends,1868.0
ESPORTSTMNT03_3222000,2023-10-27 09:46:51,LNG Esports,top,Zika,2936.3
ESPORTSTMNT03_3222000,2023-10-27 09:46:51,LNG Esports,jng,Tarzan,1181.3
ESPORTSTMNT03_3222000,2023-10-27 09:46:51,LNG Esports,mid,Scout,2511.6
ESPORTSTMNT03_3222000,2023-10-27 09:46:51,LNG Esports,bot,GALA,2215.5
ESPORTSTMNT03_3222000,2023-10-27 09:46:51,LNG Esports,sup,Hang,1183.1999999999998
ESPORTSTMNT03_3224008,2023-10-27 10:40:01,LNG Esports,top,Zika,2481.3
ESPORTSTMNT03_3224008,2023-10-27 10:40:01,LNG Esports,jng,Tarzan,2427.4
ESPORTSTMNT03_3224008,2023-10-27 10:40:01,LNG Esports,mid,Scout,2299.6
ESPORTSTMNT03_3224008,2023-10-27 10:40:01,LNG Esports,bot,GALA,2892.3
ESPORTSTMNT03_3224008,2023-10-27 10:40:01,LNG Esports,sup,Hang,1870.8
ESPORTSTMNT03_3224008,2023-10-27 10:40:01,KT Rolster,top,Kiin,2039.8
ESPORTSTMNT03_3224008,2023-10-27 10:40:01,KT Rolster,jng,Cuzz,1190.6000000000001
ESPORTSTMNT03_3224008,2023-10-27 10:40:01,KT Rolster,mid,Bdd,1919.6
ESPORTSTMNT03_3224008,2023-10-27 10:40:01,KT Rolster,bot,Aiming,2130.3
ESPORTSTMNT03_3224008,2023-10-27 10:40:01,KT Rolster,sup,Lehends,1243.1
ESPORTSTMNT03_3223190,2023-10-28 07:11:53,NRG Kia,top,Dhokla,2907.4
ESPORTSTMNT03_3223190,2023-10-28 07:11:53,NRG Kia,jng,Contractz,2959.6
ESPORTSTMNT03_3223190,2023-10-28 07:11:53,NRG Kia,mid,Palafox,3080.8
ESPORTSTMNT03_3223190,2023-10-28 07:11:53,NRG Kia,bot,FBI,3502.6
ESPORTSTMNT03_3223190,2023-10-28 07:11:53,NRG Kia,sup,IgNar,3068.6
ESPORTSTMNT03_3223190,2023-10-28 07:11:53,G2 Esports,top,BrokenBlade,2262.3
ESPORTSTMNT03_3223190,2023-10-28 07:11:53,G2 Esports,jng,Yike,1597.2
ESPORTSTMNT03_3223190,2023-10-28 07:11:53,G2 Esports,mid,Caps,2810.0
ESPORTSTMNT03_3223190,2023-10-28 07:11:53,G2 Esports,bot,Hans Sama,2089.6
ESPORTSTMNT03_3223190,2023-10-28 07:11:53,G2 Esports,sup,Mikyx,1955.1999999999998
ESPORTSTMNT03_3224155,2023-10-28 08:04:52,G2 Esports,top,BrokenBlade,1969.1
ESPORTSTMNT03_3224155,2023-10-28 08:04:52,G2 Esports,jng,Yike,1632.4
ESPORTSTMNT03_3224155,2023-10-28 08:04:52,G2 Esports,mid,Caps,2465.5
ESPORTSTMNT03_3224155,2023-10-28 08:04:52,G2 Esports,bot,Hans Sama,2959.7
ESPORTSTMNT03_3224155,2023-10-28 08:04:52,G2 Esports,sup,Mikyx,1645.8000000000002
ESPORTSTMNT03_3224155,2023-10-28 08:04:52,NRG Kia,top,Dhokla,3583.9
ESPORTSTMNT03_3224155,2023-10-28 08:04:52,NRG Kia,jng,Contractz,2359.5
ESPORTSTMNT03_3224155,2023-10-28 08:04:52,NRG Kia,mid,Palafox,3023.5
ESPORTSTMNT03_3224155,2023-10-28 08:04:52,NRG Kia,bot,FBI,3543.0
ESPORTSTMNT03_3224155,2023-10-28 08:04:52,NRG Kia,sup,IgNar,2444.7000000000003
ESPORTSTMNT03_3223206,2023-10-28 08:57:01,T1,top,Zeus,3744.7
ESPORTSTMNT03_3223206,2023-10-28 08:57:01,T1,jng,Oner,1570.7
ESPORTSTMNT03_3223206,2023-10-28 08:57:01,T1,mid,Faker,2405.8
ESPORTSTMNT03_3223206,2023-10-28 08:57:01,T1,bot,Gumayusi,2319.9
ESPORTSTMNT03_3223206,2023-10-28 08:57:01,T1,sup,Keria,3072.1
ESPORTSTMNT03_3223206,2023-10-28 08:57:01,Bilibili Gaming,top,Bin,1532.5
ESPORTSTMNT03_3223206,2023-10-28 08:57:01,Bilibili Gaming,jng,Xun,2047.3
ESPORTSTMNT03_3223206,2023-10-28 08:57:01,Bilibili Gaming,mid,Yagao,1795.6
ESPORTSTMNT03_3223206,2023-10-28 08:57:01,Bilibili Gaming,bot,Elk,2366.8
ESPORTSTMNT03_3223206,2023-10-28 08:57:01,Bilibili Gaming,sup,ON,1494.1999999999998
ESPORTSTMNT03_3224164,2023-10-28 09:44:55,Bilibili Gaming,top,Bin,2326.2
ESPORTSTMNT03_3224164,2023-10-28 09:44:55,Bilibili Gaming,jng,Xun,1605.3999999999999
ESPORTSTMNT03_3224164,2023-10-28 09:44:55,Bilibili Gaming,mid,Yagao,3391.4
ESPORTSTMNT03_3224164,2023-10-28 09:44:55,Bilibili Gaming,bot,Elk,2582.9
ESPORTSTMNT03_3224164,2023-10-28 09:44:55,Bilibili Gaming,sup,ON,1221.5
ESPORTSTMNT03_3224164,2023-10-28 09:44:55,T1,top,Zeus,2622.8
ESPORTSTMNT03_3224164,2023-10-28 09:44:55,T1,jng,Oner,2490.5
ESPORTSTMNT03_3224164,2023-10-28 09:44:55,T1,mid,Faker,2807.1
ESPORTSTMNT03_3224164,2023-10-28 09:44:55,T1,bot,Gumayusi,3873.7
ESPORTSTMNT03_3224164,2023-10-28 09:44:55,T1,sup,Keria,2528.1
ESPORTSTMNT03_3224254,2023-10-29 04:10:31,KT Rolster,top,Kiin,3423.9
ESPORTSTMNT03_3224254,2023-10-29 04:10:31,KT Rolster,jng,Cuzz,2055.0
ESPORTSTMNT03_3224254,2023-10-29 04:10:31,KT Rolster,mid,Bdd,2931.4
ESPORTSTMNT03_3224254,2023-10-29 04:10:31,KT Rolster,bot,Aiming,3922.2
ESPORTSTMNT03_3224254,2023-10-29 04:10:31,KT Rolster,sup,Lehends,2068.4
ESPORTSTMNT03_3224254,2023-10-29 04:10:31,Dplus KIA,top,Canna,3045.1
ESPORTSTMNT03_3224254,2023-10-29 04:10:31,Dplus KIA,jng,Canyon,1948.0
ESPORTSTMNT03_3224254,2023-10-29 04:10:31,Dplus KIA,mid,ShowMaker,2498.0
ESPORTSTMNT03_3224254,2023-10-29 04:10:31,Dplus KIA,bot,Deft,3581.8
ESPORTSTMNT03_3224254,2023-10-29 04:10:31,Dplus KIA,sup,Kellin,1963.3000000000002
ESPORTSTMNT03_3222348,2023-10-29 05:04:33,Dplus KIA,top,Canna,3884.8
ESPORTSTMNT03_3222348,2023-10-29 05:04:33,Dplus KIA,jng,Canyon,3207.5
ESPORTSTMNT03_3222348,2023-10-29 05:04:33,Dplus KIA,mid,ShowMaker,3530.8
ESPORTSTMNT03_3222348,2023-10-29 05:04:33,Dplus KIA,bot,Deft,4757.9
ESPORTSTMNT03_3222348,2023-10-29 05:04:33,Dplus KIA,sup,Kellin,2582.5
ESPORTSTMNT03_3222348,2023-10-29 05:04:33,KT Rolster,top,Kiin,4975.8
ESPORTSTMNT03_3222348,2023-10-29 05:04:33,KT Rolster,jng,Cuzz,2604.8
ESPORTSTMNT03_3222348,2023-10-29 05:04:33,KT Rolster,mid,Bdd,4337.3
ESPORTSTMNT03_3222348,2023-10-29 05:04:33,KT Rolster,bot,Aiming,6728.8
ESPORTSTMNT03_3222348,2023-10-29 05:04:33,KT Rolster,sup,Lehends,2915.5
ESPORTSTMNT03_3224291,2023-10-29 06:13:06,Fnatic,top,Oscarinin,2365.7
ESPORTSTMNT03_3224291,2023-10-29 06:13:06,Fnatic,jng,Razork,2466.3
ESPORTSTMNT03_3224291,2023-10-29 06:13:06,Fnatic,mid,Humanoid,3216.8
ESPORTSTMNT03_3224291,2023-10-29 06:13:06,Fnatic,bot,Noah,3967.5
ESPORTSTMNT03_3224291,2023-10-29 06:13:06,Fnatic,sup,Trymbi,1390.3
ESPORTSTMNT03_3224291,2023-10-29 06:13:06,Weibo Gaming,top,TheShy,2893.0
ESPORTSTMNT03_3224291,2023-10-29 06:13:06,Weibo Gaming,jng,Weiwei,1174.0
ESPORTSTMNT03_3224291,2023-10-29 06:13:06,Weibo Gaming,mid,Xiaohu,1879.3
ESPORTSTMNT03_3224291,2023-10-29 06:13:06,Weibo Gaming,bot,Light,2267.0
ESPORTSTMNT03_3224291,2023-10-29 06:13:06,Weibo Gaming,sup,Crisp,1563.5
ESPORTSTMNT03_3224306,2023-10-29 07:06:37,Weibo Gaming,top,TheShy,3993.5
ESPORTSTMNT03_3224306,2023-10-29 07:06:37,Weibo Gaming,jng,Weiwei,2036.2
ESPORTSTMNT03_3224306,2023-10-29 07:06:37,Weibo Gaming,mid,Xiaohu,3245.7
ESPORTSTMNT03_3224306,2023-10-29 07:06:37,Weibo Gaming,bot,Light,4382.4
ESPORTSTMNT03_3224306,2023-10-29 07:06:37,Weibo Gaming,sup,Crisp,2103.3
ESPORTSTMNT03_3224306,2023-10-29 07:06:37,Fnatic,top,Oscarinin,1269.1
ESPORTSTMNT03_3224306,2023-10-29 07:06:37,Fnatic,jng,Razork,2011.6999999999998
ESPORTSTMNT03_3224306,2023-10-29 07:06:37,Fnatic,mid,Humanoid,3199.9
ESPORTSTMNT03_3224306,2023-10-29 07:06:37,Fnatic,bot,Noah,1769.2
ESPORTSTMNT03_3224306,2023-10-29 07:06:37,Fnatic,sup,Trymbi,1965.0
ESPORTSTMNT03_3224309,2023-10-29 07:58:05,Fnatic,top,Oscarinin,2148.7
ESPORTSTMNT03_3224309,2023-10-29 07:58:05,Fnatic,jng,Razork,1579.4
ESPORTSTMNT03_3224309,2023-10-29 07:58:05,Fnatic,mid,Humanoid,1928.5
ESPORTSTMNT03_3224309,2023-10-29 07:58:05,Fnatic,bot,Noah,1860.8
ESPORTSTMNT03_3224309,2023-10-29 07:58:05,Fnatic,sup,Trymbi,1329.4
ESPORTSTMNT03_3224309,2023-10-29 07:58:05,Weibo Gaming,top,TheShy,2077.0
ESPORTSTMNT03_3224309,2023-10-29 07:58:05,Weibo Gaming,jng,Weiwei,1476.8
ESPORTSTMNT03_3224309,2023-10-29 07:58:05,Weibo Gaming,mid,Xiaohu,3037.7
ESPORTSTMNT03_3224309,2023-10-29 07:58:05,Weibo Gaming,bot,Light,3266.5
ESPORTSTMNT03_3224309,2023-10-29 07:58:05,Weibo Gaming,sup,Crisp,4208.700000000001
ESPORTSTMNT03_3223353,2023-10-29 08:46:38,G2 Esports,top,BrokenBlade,2006.5
ESPORTSTMNT03_3223353,2023-10-29 08:46:38,G2 Esports,jng,Yike,2922.7999999999997
ESPORTSTMNT03_3223353,2023-10-29 08:46:38,G2 Esports,mid,Caps,3110.8
ESPORTSTMNT03_3223353,2023-10-29 08:46:38,G2 Esports,bot,Hans Sama,3265.1
ESPORTSTMNT03_3223353,2023-10-29 08:46:38,G2 Esports,sup,Mikyx,1818.4
ESPORTSTMNT03_3223353,2023-10-29 08:46:38,Bilibili Gaming,top,Bin,3172.4
ESPORTSTMNT03_3223353,2023-10-29 08:46:38,Bilibili Gaming,jng,Xun,2212.3999999999996
ESPORTSTMNT03_3223353,2023-10-29 08:46:38,Bilibili Gaming,mid,Yagao,3737.2
ESPORTSTMNT03_3223353,2023-10-29 08:46:38,Bilibili Gaming,bot,Elk,4745.2
ESPORTSTMNT03_3223353,2023-10-29 08:46:38,Bilibili Gaming,sup,ON,2202.5
ESPORTSTMNT03_3223364,2023-10-29 09:43:53,G2 Esports,top,BrokenBlade,5719.1
ESPORTSTMNT03_3223364,2023-10-29 09:43:53,G2 Esports,jng,Yike,3585.7000000000003
ESPORTSTMNT03_3223364,2023-10-29 09:43:53,G2 Esports,mid,Caps,5198.6
ESPORTSTMNT03_3223364,2023-10-29 09:43:53,G2 Esports,bot,Hans Sama,6522.8
ESPORTSTMNT03_3223364,2023-10-29 09:43:53,G2 Esports,sup,Mikyx,4483.0
ESPORTSTMNT03_3223364,2023-10-29 09:43:53,Bilibili Gaming,top,Bin,3849.2
ESPORTSTMNT03_3223364,2023-10-29 09:43:53,Bilibili Gaming,jng,Xun,3746.3
ESPORTSTMNT03_3223364,2023-10-29 09:43:53,Bilibili Gaming,mid,Yagao,4660.9
ESPORTSTMNT03_3223364,2023-10-29 09:43:53,Bilibili Gaming,bot,Elk,5962.6
ESPORTSTMNT03_3223364,2023-10-29 09:43:53,Bilibili Gaming,sup,ON,3363.4
ESPORTSTMNT03_3224326,2023-10-29 10:47:49,Bilibili Gaming,top,Bin,2258.0
ESPORTSTMNT03_3224326,2023-10-29 10:47:49,Bilibili Gaming,jng,Xun,2292.3999999999996
ESPORTSTMNT03_3224326,2023-10-29 10:47:49,Bilibili Gaming,mid,Yagao,2333.0
ESPORTSTMNT03_3224326,2023-10-29 10:47:49,Bilibili Gaming,bot,Elk,3385.4
ESPORTSTMNT03_3224326,2023-10-29 10:47:49,Bilibili Gaming,sup,ON,2493.9
ESPORTSTMNT03_3224326,2023-10-29 10:47:49,G2 Esports,top,BrokenBlade,1869.6
ESPORTSTMNT03_3224326,2023-10-29 10:47:49,G2 Esports,jng,Yike,2062.6
ESPORTSTMNT03_3224326,2023-10-29 10:47:49,G2 Esports,mid,Caps,2043.6
ESPORTSTMNT03_3224326,2023-10-29 10:47:49,G2 Esports,bot,Hans Sama,2079.7
ESPORTSTMNT03_3224326,2023-10-29 10:47:49,G2 Esports,sup,Mikyx,3139.1000000000004
ESPORTSTMNT03_3222743,2023-11-02 08:13:28,NRG Kia,top,Dhokla,3554.0
ESPORTSTMNT03_3222743,2023-11-02 08:13:28,NRG Kia,jng,Contractz,1963.1
ESPORTSTMNT03_3222743,2023-11-02 08:13:28,NRG Kia,mid,Palafox,3363.6
ESPORTSTMNT03_3222743,2023-11-02 08:13:28,NRG Kia,bot,FBI,3525.5
ESPORTSTMNT03_3222743,2023-11-02 08:13:28,NRG Kia,sup,IgNar,1628.3999999999999
ESPORTSTMNT03_3222743,2023-11-02 08:13:28,Weibo Gaming,top,TheShy,4272.1
ESPORTSTMNT03_3222743,2023-11-02 08:13:28,Weibo Gaming,jng,Weiwei,1928.8000000000002
ESPORTSTMNT03_3222743,2023-11-02 08:13:28,Weibo Gaming,mid,Xiaohu,2835.2
ESPORTSTMNT03_3222743,2023-11-02 08:13:28,Weibo Gaming,bot,Light,6385.8
ESPORTSTMNT03_3222743,2023-11-02 08:13:28,Weibo Gaming,sup,Crisp,2229.7
ESPORTSTMNT03_3224688,2023-11-02 09:12:07,NRG Kia,top,Dhokla,2766.1
ESPORTSTMNT03_3224688,2023-11-02 09:12:07,NRG Kia,jng,Contractz,2709.5
ESPORTSTMNT03_3224688,2023-11-02 09:12:07,NRG Kia,mid,Palafox,3455.4
ESPORTSTMNT03_3224688,2023-11-02 09:12:07,NRG Kia,bot,FBI,3177.8
ESPORTSTMNT03_3224688,2023-11-02 09:12:07,NRG Kia,sup,IgNar,1600.4
ESPORTSTMNT03_3224688,2023-11-02 09:12:07,Weibo Gaming,top,TheShy,3653.8
ESPORTSTMNT03_3224688,2023-11-02 09:12:07,Weibo Gaming,jng,Weiwei,1928.4
ESPORTSTMNT03_3224688,2023-11-02 09:12:07,Weibo Gaming,mid,Xiaohu,3409.5
ESPORTSTMNT03_3224688,2023-11-02 09:12:07,Weibo Gaming,bot,Light,5631.0
ESPORTSTMNT03_3224688,2023-11-02 09:12:07,Weibo Gaming,sup,Crisp,2138.3
ESPORTSTMNT03_3222767,2023-11-02 10:05:45,NRG Kia,top,Dhokla,2331.2
ESPORTSTMNT03_3222767,2023-11-02 10:05:45,NRG Kia,jng,Contractz,1338.9
ESPORTSTMNT03_3222767,2023-11-02 10:05:45,NRG Kia,mid,Palafox,2109.2
ESPORTSTMNT03_3222767,2023-11-02 10:05:45,NRG Kia,bot,FBI,2289.3
ESPORTSTMNT03_3222767,2023-11-02 10:05:45,NRG Kia,sup,IgNar,2100.8
ESPORTSTMNT03_3222767,2023-11-02 10:05:45,Weibo Gaming,top,TheShy,2849.0
ESPORTSTMNT03_3222767,2023-11-02 10:05:45,Weibo Gaming,jng,Weiwei,2118.5
ESPORTSTMNT03_3222767,2023-11-02 10:05:45,Weibo Gaming,mid,Xiaohu,3972.5
ESPORTSTMNT03_3222767,2023-11-02 10:05:45,Weibo Gaming,bot,Light,2681.5
ESPORTSTMNT03_3222767,2023-11-02 10:05:45,Weibo Gaming,sup,Crisp,3271.0
ESPORTSTMNT03_3225383,2023-11-03 08:12:32,Gen.G,top,Doran,2297.7
ESPORTSTMNT03_3225383,2023-11-03 08:12:32,Gen.G,jng,Peanut,1222.9
ESPORTSTMNT03_3225383,2023-11-03 08:12:32,Gen.G,mid,Chovy,2996.6
ESPORTSTMNT03_3225383,2023-11-03 08:12:32,Gen.G,bot,Peyz,2950.2
ESPORTSTMNT03_3225383,2023-11-03 08:12:32,Gen.G,sup,Delight,1674.1000000000001
ESPORTSTMNT03_3225383,2023-11-03 08:12:32,Bilibili Gaming,top,Bin,3466.9
ESPORTSTMNT03_3225383,2023-11-03 08:12:32,Bilibili Gaming,jng,Xun,2255.9
ESPORTSTMNT03_3225383,2023-11-03 08:12:32,Bilibili Gaming,mid,Yagao,2900.4
ESPORTSTMNT03_3225383,2023-11-03 08:12:32,Bilibili Gaming,bot,Elk,2631.7
ESPORTSTMNT03_3225383,2023-11-03 08:12:32,Bilibili Gaming,sup,ON,2530.7
ESPORTSTMNT03_3225421,2023-11-03 09:05:56,Bilibili Gaming,top,Bin,2518.1
ESPORTSTMNT03_3225421,2023-11-03 09:05:56,Bilibili Gaming,jng,Xun,2222.2000000000003
ESPORTSTMNT03_3225421,2023-11-03 09:05:56,Bilibili Gaming,mid,Yagao,2423.1
ESPORTSTMNT03_3225421,2023-11-03 09:05:56,Bilibili Gaming,bot,Elk,3706.6
ESPORTSTMNT03_3225421,2023-11-03 09:05:56,Bilibili Gaming,sup,ON,2411.5
ESPORTSTMNT03_3225421,2023-11-03 09:05:56,Gen.G,top,Doran,1341.0
ESPORTSTMNT03_3225421,2023-11-03 09:05:56,Gen.G,jng,Peanut,1373.6
ESPORTSTMNT03_3225421,2023-11-03 09:05:56,Gen.G,mid,Chovy,2043.6
ESPORTSTMNT03_3225421,2023-11-03 09:05:56,Gen.G,bot,Peyz,2444.6
ESPORTSTMNT03_3225421,2023-11-03 09:05:56,Gen.G,sup,Delight,1004.3
ESPORTSTMNT03_3225426,2023-11-03 09:53:00,Gen.G,top,Doran,5093.6
ESPORTSTMNT03_3225426,2023-11-03 09:53:00,Gen.G,jng,Peanut,2903.8
ESPORTSTMNT03_3225426,2023-11-03 09:53:00,Gen.G,mid,Chovy,4154.5
ESPORTSTMNT03_3225426,2023-11-03 09:53:00,Gen.G,bot,Peyz,6686.1
ESPORTSTMNT03_3225426,2023-11-03 09:53:00,Gen.G,sup,Delight,2811.5
ESPORTSTMNT03_3225426,2023-11-03 09:53:00,Bilibili Gaming,top,Bin,2784.9
ESPORTSTMNT03_3225426,2023-11-03 09:53:00,Bilibili Gaming,jng,Xun,2345.2
ESPORTSTMNT03_3225426,2023-11-03 09:53:00,Bilibili Gaming,mid,Yagao,4407.6
ESPORTSTMNT03_3225426,2023-11-03 09:53:00,Bilibili Gaming,bot,Elk,6322.4
ESPORTSTMNT03_3225426,2023-11-03 09:53:00,Bilibili Gaming,sup,ON,2415.0
ESPORTSTMNT03_3222932,2023-11-03 10:59:02,Bilibili Gaming,top,Bin,2901.5
ESPORTSTMNT03_3222932,2023-11-03 10:59:02,Bilibili Gaming,jng,Xun,2861.4
ESPORTSTMNT03_3222932,2023-11-03 10:59:02,Bilibili Gaming,mid,Yagao,3257.3
ESPORTSTMNT03_3222932,2023-11-03 10:59:02,Bilibili Gaming,bot,Elk,3125.2
ESPORTSTMNT03_3222932,2023-11-03 10:59:02,Bilibili Gaming,sup,ON,2522.6
ESPORTSTMNT03_3222932,2023-11-03 10:59:02,Gen.G,top,Doran,4041.8
ESPORTSTMNT03_3222932,2023-11-03 10:59:02,Gen.G,jng,Peanut,3073.2000000000003
ESPORTSTMNT03_3222932,2023-11-03 10:59:02,Gen.G,mid,Chovy,3505.2
ESPORTSTMNT03_3222932,2023-11-03 10:59:02,Gen.G,bot,Peyz,3665.5
ESPORTSTMNT03_3222932,2023-11-03 10:59:02,Gen.G,sup,Delight,2699.8
ESPORTSTMNT03_3222943,2023-11-03 11:54:23,Bilibili Gaming,top,Bin,3780.9
ESPORTSTMNT03_3222943,2023-11-03 11:54:23,Bilibili Gaming,jng,Xun,2673.1
ESPORTSTMNT03_3222943,2023-11-03 11:54:23,Bilibili Gaming,mid,Yagao,3774.4
ESPORTSTMNT03_3222943,2023-11-03 11:54:23,Bilibili Gaming,bot,Elk,3442.9
ESPORTSTMNT03_3222943,2023-11-03 11:54:23,Bilibili Gaming,sup,ON,2888.6
ESPORTSTMNT03_3222943,2023-11-03 11:54:23,Gen.G,top,Doran,2575.7
ESPORTSTMNT03_3222943,2023-11-03 11:54:23,Gen.G,jng,Peanut,1871.3999999999999
ESPORTSTMNT03_3222943,2023-11-03 11:54:23,Gen.G,mid,Chovy,2722.5
ESPORTSTMNT03_3222943,2023-11-03 11:54:23,Gen.G,bot,Peyz,3159.7
ESPORTSTMNT03_3222943,2023-11-03 11:54:23,Gen.G,sup,Delight,1928.2
ESPORTSTMNT03_3225556,2023-11-04 08:13:16,JD Gaming,top,369,2773.4
ESPORTSTMNT03_3225556,2023-11-04 08:13:16,JD Gaming,jng,Kanavi,1504.3
ESPORTSTMNT03_3225556,2023-11-04 08:13:16,JD Gaming,mid,knight,2246.7
ESPORTSTMNT03_3225556,2023-11-04 08:13:16,JD Gaming,bot,Ruler,2614.8
ESPORTSTMNT03_3225556,2023-11-04 08:13:16,JD Gaming,sup,MISSING,1602.9
ESPORTSTMNT03_3225556,2023-11-04 08:13:16,KT Rolster,top,Kiin,3813.7
ESPORTSTMNT03_3225556,2023-11-04 08:13:16,KT Rolster,jng,Cuzz,2135.7999999999997
ESPORTSTMNT03_3225556,2023-11-04 08:13:16,KT Rolster,mid,Bdd,2957.5
ESPORTSTMNT03_3225556,2023-11-04 08:13:16,KT Rolster,bot,Aiming,3582.6
ESPORTSTMNT03_3225556,2023-11-04 08:13:16,KT Rolster,sup,Lehends,1926.1
ESPORTSTMNT03_3227010,2023-11-04 09:02:07,JD Gaming,top,369,2780.5
ESPORTSTMNT03_3227010,2023-11-04 09:02:07,JD Gaming,jng,Kanavi,2511.1
ESPORTSTMNT03_3227010,2023-11-04 09:02:07,JD Gaming,mid,knight,2705.7
ESPORTSTMNT03_3227010,2023-11-04 09:02:07,JD Gaming,bot,Ruler,2930.0
ESPORTSTMNT03_3227010,2023-11-04 09:02:07,JD Gaming,sup,MISSING,1979.6000000000001
ESPORTSTMNT03_3227010,2023-11-04 09:02:07,KT Rolster,top,Kiin,1987.9
ESPORTSTMNT03_3227010,2023-11-04 09:02:07,KT Rolster,jng,Cuzz,1546.9
ESPORTSTMNT03_3227010,2023-11-04 09:02:07,KT Rolster,mid,Bdd,2548.4
ESPORTSTMNT03_3227010,2023-11-04 09:02:07,KT Rolster,bot,Aiming,2049.0
ESPORTSTMNT03_3227010,2023-11-04 09:02:07,KT Rolster,sup,Lehends,1506.9
ESPORTSTMNT03_3225580,2023-11-04 09:47:52,KT Rolster,top,Kiin,1859.0
ESPORTSTMNT03_3225580,2023-11-04 09:47:52,KT Rolster,jng,Cuzz,1231.1000000000001
ESPORTSTMNT03_3225580,2023-11-04 09:47:52,KT Rolster,mid,Bdd,2453.5
ESPORTSTMNT03_3225580,2023-11-04 09:47:52,KT Rolster,bot,Aiming,2696.8
ESPORTSTMNT03_3225580,2023-11-04 09:47:52,KT Rolster,sup,Lehends,1524.0
ESPORTSTMNT03_3225580,2023-11-04 09:47:52,JD Gaming,top,369,2277.6
ESPORTSTMNT03_3225580,2023-11-04 09:47:52,JD Gaming,jng,Kanavi,2457.9
ESPORTSTMNT03_3225580,2023-11-04 09:47:52,JD Gaming,mid,knight,2835.1
ESPORTSTMNT03_3225580,2023-11-04 09:47:52,JD Gaming,bot,Ruler,2675.3
ESPORTSTMNT03_3225580,2023-11-04 09:47:52,JD Gaming,sup,MISSING,2161.6
ESPORTSTMNT03_3226069,2023-11-04 10:34:13,KT Rolster,top,Kiin,3915.1
ESPORTSTMNT03_3226069,2023-11-04 10:34:13,KT Rolster,jng,Cuzz,2397.2999999999997
ESPORTSTMNT03_3226069,2023-11-04 10:34:13,KT Rolster,mid,Bdd,3664.3
ESPORTSTMNT03_3226069,2023-11-04 10:34:13,KT Rolster,bot,Aiming,3706.5
ESPORTSTMNT03_3226069,2023-11-04 10:34:13,KT Rolster,sup,Lehends,1956.7
ESPORTSTMNT03_3226069,2023-11-04 10:34:13,JD Gaming,top,369,3010.8
ESPORTSTMNT03_3226069,2023-11-04 10:34:13,JD Gaming,jng,Kanavi,2401.7000000000003
ESPORTSTMNT03_3226069,2023-11-04 10:34:13,JD Gaming,mid,knight,3083.0
ESPORTSTMNT03_3226069,2023-11-04 10:34:13,JD Gaming,bot,Ruler,4716.5
ESPORTSTMNT03_3226069,2023-11-04 10:34:13,JD Gaming,sup,MISSING,2291.7
ESPORTSTMNT03_3225718,2023-11-05 08:12:27,LNG Esports,top,Zika,2443.6
ESPORTSTMNT03_3225718,2023-11-05 08:12:27,LNG Esports,jng,Tarzan,1226.6000000000001
ESPORTSTMNT03_3225718,2023-11-05 08:12:27,LNG Esports,mid,Scout,1438.1
ESPORTSTMNT03_3225718,2023-11-05 08:12:27,LNG Esports,bot,GALA,1578.6
ESPORTSTMNT03_3225718,2023-11-05 08:12:27,LNG Esports,sup,Hang,1000.5
ESPORTSTMNT03_3225718,2023-11-05 08:12:27,T1,top,Zeus,2968.7
ESPORTSTMNT03_3225718,2023-11-05 08:12:27,T1,jng,Oner,1386.4
ESPORTSTMNT03_3225718,2023-11-05 08:12:27,T1,mid,Faker,2428.6
ESPORTSTMNT03_3225718,2023-11-05 08:12:27,T1,bot,Gumayusi,2216.4
ESPORTSTMNT03_3225718,2023-11-05 08:12:27,T1,sup,Keria,2551.8
ESPORTSTMNT03_3227177,2023-11-05 08:58:21,LNG Esports,top,Zika,2033.9
ESPORTSTMNT03_3227177,2023-11-05 08:58:21,LNG Esports,jng,Tarzan,1555.3
ESPORTSTMNT03_3227177,2023-11-05 08:58:21,LNG Esports,mid,Scout,2586.2
ESPORTSTMNT03_3227177,2023-11-05 08:58:21,LNG Esports,bot,GALA,1759.4
ESPORTSTMNT03_3227177,2023-11-05 08:58:21,LNG Esports,sup,Hang,1416.8
ESPORTSTMNT03_3227177,2023-11-05 08:58:21,T1,top,Zeus,2833.1
ESPORTSTMNT03_3227177,2023-11-05 08:58:21,T1,jng,Oner,1445.8
ESPORTSTMNT03_3227177,2023-11-05 08:58:21,T1,mid,Faker,2056.7
ESPORTSTMNT03_3227177,2023-11-05 08:58:21,T1,bot,Gumayusi,3320.9
ESPORTSTMNT03_3227177,2023-11-05 08:58:21,T1,sup,Keria,2717.1000000000004
ESPORTSTMNT03_3226221,2023-11-05 09:49:56,LNG Esports,top,Zika,1359.5
ESPORTSTMNT03_3226221,2023-11-05 09:49:56,LNG Esports,jng,Tarzan,1306.2
ESPORTSTMNT03_3226221,2023-11-05 09:49:56,LNG Esports,mid,Scout,2515.4
ESPORTSTMNT03_3226221,2023-11-05 09:49:56,LNG Esports,bot,GALA,2166.3
ESPORTSTMNT03_3226221,2023-11-05 09:49:56,LNG Esports,sup,Hang,1166.9
ESPORTSTMNT03_3226221,2023-11-05 09:49:56,T1,top,Zeus,4333.5
ESPORTSTMNT03_3226221,2023-11-05 09:49:56,T1,jng,Oner,2015.3999999999999
ESPORTSTMNT03_3226221,2023-11-05 09:49:56,T1,mid,Faker,2790.1
ESPORTSTMNT03_3226221,2023-11-05 09:49:56,T1,bot,Gumayusi,2363.4
ESPORTSTMNT03_3226221,2023-11-05 09:49:56,T1,sup,Keria,1935.4
ESPORTSTMNT03_3226447,2023-11-11 08:16:53,Weibo Gaming,top,TheShy,3851.8
ESPORTSTMNT03_3226447,2023-11-11 08:16:53,Weibo Gaming,jng,Weiwei,2211.1
ESPORTSTMNT03_3226447,2023-11-11 08:16:53,Weibo Gaming,mid,Xiaohu,2467.8
ESPORTSTMNT03_3226447,2023-11-11 08:16:53,Weibo Gaming,bot,Light,2840.6
ESPORTSTMNT03_3226447,2023-11-11 08:16:53,Weibo Gaming,sup,Crisp,1776.3
ESPORTSTMNT03_3226447,2023-11-11 08:16:53,Bilibili Gaming,top,Bin,1869.0
ESPORTSTMNT03_3226447,2023-11-11 08:16:53,Bilibili Gaming,jng,Xun,1254.6000000000001
ESPORTSTMNT03_3226447,2023-11-11 08:16:53,Bilibili Gaming,mid,Yagao,2325.7
ESPORTSTMNT03_3226447,2023-11-11 08:16:53,Bilibili Gaming,bot,Elk,2117.5
ESPORTSTMNT03_3226447,2023-11-11 08:16:53,Bilibili Gaming,sup,ON,1423.3000000000002
ESPORTSTMNT03_3227417,2023-11-11 09:06:53,Bilibili Gaming,top,Bin,3465.5
ESPORTSTMNT03_3227417,2023-11-11 09:06:53,Bilibili Gaming,jng,Xun,3084.2
ESPORTSTMNT03_3227417,2023-11-11 09:06:53,Bilibili Gaming,mid,Yagao,4330.6
ESPORTSTMNT03_3227417,2023-11-11 09:06:53,Bilibili Gaming,bot,Elk,5154.8
ESPORTSTMNT03_3227417,2023-11-11 09:06:53,Bilibili Gaming,sup,ON,4739.3
ESPORTSTMNT03_3227417,2023-11-11 09:06:53,Weibo Gaming,top,TheShy,3622.7
ESPORTSTMNT03_3227417,2023-11-11 09:06:53,Weibo Gaming,jng,Weiwei,1865.5
ESPORTSTMNT03_3227417,2023-11-11 09:06:53,Weibo Gaming,mid,Xiaohu,3936.9
ESPORTSTMNT03_3227417,2023-11-11 09:06:53,Weibo Gaming,bot,Light,2871.4
ESPORTSTMNT03_3227417,2023-11-11 09:06:53,Weibo Gaming,sup,Crisp,1954.9
ESPORTSTMNT03_3225986,2023-11-11 10:01:44,Weibo Gaming,top,TheShy,3456.4
ESPORTSTMNT03_3225986,2023-11-11 10:01:44,Weibo Gaming,jng,Weiwei,1658.3
ESPORTSTMNT03_3225986,2023-11-11 10:01:44,Weibo Gaming,mid,Xiaohu,3455.2
ESPORTSTMNT03_3225986,2023-11-11 10:01:44,Weibo Gaming,bot,Light,2420.4
ESPORTSTMNT03_3225986,2023-11-11 10:01:44,Weibo Gaming,sup,Crisp,3046.7000000000003
ESPORTSTMNT03_3225986,2023-11-11 10:01:44,Bilibili Gaming,top,Bin,1585.9
ESPORTSTMNT03_3225986,2023-11-11 10:01:44,Bilibili Gaming,jng,Xun,1057.3000000000002
ESPORTSTMNT03_3225986,2023-11-11 10:01:44,Bilibili Gaming,mid,Yagao,2405.4
ESPORTSTMNT03_3225986,2023-11-11 10:01:44,Bilibili Gaming,bot,Elk,1742.6
ESPORTSTMNT03_3225986,2023-11-11 10:01:44,Bilibili Gaming,sup,ON,2899.1000000000004
ESPORTSTMNT03_3227424,2023-11-11 10:49:56,Bilibili Gaming,top,Bin,2603.3
ESPORTSTMNT03_3227424,2023-11-11 10:49:56,Bilibili Gaming,jng,Xun,1766.6999999999998
ESPORTSTMNT03_3227424,2023-11-11 10:49:56,Bilibili Gaming,mid,Yagao,2583.0
ESPORTSTMNT03_3227424,2023-11-11 10:49:56,Bilibili Gaming,bot,Elk,2648.4
ESPORTSTMNT03_3227424,2023-11-11 10:49:56,Bilibili Gaming,sup,ON,2564.2
ESPORTSTMNT03_3227424,2023-11-11 10:49:56,Weibo Gaming,top,TheShy,2363.6
ESPORTSTMNT03_3227424,2023-11-11 10:49:56,Weibo Gaming,jng,Weiwei,967.7
ESPORTSTMNT03_3227424,2023-11-11 10:49:56,Weibo Gaming,mid,Xiaohu,2450.6
ESPORTSTMNT03_3227424,2023-11-11 10:49:56,Weibo Gaming,bot,Light,2012.0
ESPORTSTMNT03_3227424,2023-11-11 10:49:56,Weibo Gaming,sup,Crisp,2625.0
ESPORTSTMNT03_3226463,2023-11-11 11:37:21,Weibo Gaming,top,TheShy,2405.1
ESPORTSTMNT03_3226463,2023-11-11 11:37:21,Weibo Gaming,jng,Weiwei,2792.9
ESPORTSTMNT03_3226463,2023-11-11 11:37:21,Weibo Gaming,mid,Xiaohu,4706.9
ESPORTSTMNT03_3226463,2023-11-11 11:37:21,Weibo Gaming,bot,Light,4454.3
ESPORTSTMNT03_3226463,2023-11-11 11:37:21,Weibo Gaming,sup,Crisp,2703.2000000000003
ESPORTSTMNT03_3226463,2023-11-11 11:37:21,Bilibili Gaming,top,Bin,3306.8
ESPORTSTMNT03_3226463,2023-11-11 11:37:21,Bilibili Gaming,jng,Xun,1863.6999999999998
ESPORTSTMNT03_3226463,2023-11-11 11:37:21,Bilibili Gaming,mid,Yagao,4307.9
ESPORTSTMNT03_3226463,2023-11-11 11:37:21,Bilibili Gaming,bot,Elk,3940.7
ESPORTSTMNT03_3226463,2023-11-11 11:37:21,Bilibili Gaming,sup,ON,4547.6
ESPORTSTMNT03_3228010,2023-11-12 08:17:10,T1,top,Zeus,2582.9
ESPORTSTMNT03_3228010,2023-11-12 08:17:10,T1,jng,Oner,1671.3
ESPORTSTMNT03_3228010,2023-11-12 08:17:10,T1,mid,Faker,3357.5
ESPORTSTMNT03_3228010,2023-11-12 08:17:10,T1,bot,Gumayusi,2117.6
ESPORTSTMNT03_3228010,2023-11-12 08:17:10,T1,sup,Keria,3004.7000000000003
ESPORTSTMNT03_3228010,2023-11-12 08:17:10,JD Gaming,top,369,2235.7
ESPORTSTMNT03_3228010,2023-11-12 08:17:10,JD Gaming,jng,Kanavi,1383.2
ESPORTSTMNT03_3228010,2023-11-12 08:17:10,JD Gaming,mid,knight,1555.2
ESPORTSTMNT03_3228010,2023-11-12 08:17:10,JD Gaming,bot,Ruler,1862.2
ESPORTSTMNT03_3228010,2023-11-12 08:17:10,JD Gaming,sup,MISSING,1314.6000000000001
ESPORTSTMNT03_3227454,2023-11-12 09:01:07,JD Gaming,top,369,2860.4
ESPORTSTMNT03_3227454,2023-11-12 09:01:07,JD Gaming,jng,Kanavi,2528.1
ESPORTSTMNT03_3227454,2023-11-12 09:01:07,JD Gaming,mid,knight,3232.2
ESPORTSTMNT03_3227454,2023-11-12 09:01:07,JD Gaming,bot,Ruler,4077.6
ESPORTSTMNT03_3227454,2023-11-12 09:01:07,JD Gaming,sup,MISSING,5804.8
ESPORTSTMNT03_3227454,2023-11-12 09:01:07,T1,top,Zeus,2898.5
ESPORTSTMNT03_3227454,2023-11-12 09:01:07,T1,jng,Oner,1956.1000000000001
ESPORTSTMNT03_3227454,2023-11-12 09:01:07,T1,mid,Faker,3472.7
ESPORTSTMNT03_3227454,2023-11-12 09:01:07,T1,bot,Gumayusi,3708.5
ESPORTSTMNT03_3227454,2023-11-12 09:01:07,T1,sup,Keria,4879.5
ESPORTSTMNT03_3227455,2023-11-12 09:59:02,T1,top,Zeus,3696.9
ESPORTSTMNT03_3227455,2023-11-12 09:59:02,T1,jng,Oner,1719.2
ESPORTSTMNT03_3227455,2023-11-12 09:59:02,T1,mid,Faker,3468.6
ESPORTSTMNT03_3227455,2023-11-12 09:59:02,T1,bot,Gumayusi,2499.0
ESPORTSTMNT03_3227455,2023-11-12 09:59:02,T1,sup,Keria,2574.9
ESPORTSTMNT03_3227455,2023-11-12 09:59:02,JD Gaming,top,369,2656.3
ESPORTSTMNT03_3227455,2023-11-12 09:59:02,JD Gaming,jng,Kanavi,2457.6000000000004
ESPORTSTMNT03_3227455,2023-11-12 09:59:02,JD Gaming,mid,knight,2824.0
ESPORTSTMNT03_3227455,2023-11-12 09:59:02,JD Gaming,bot,Ruler,3427.9
ESPORTSTMNT03_3227455,2023-11-12 09:59:02,JD Gaming,sup,MISSING,3296.7
ESPORTSTMNT03_3228025,2023-11-12 10:49:35,JD Gaming,top,369,2211.3
ESPORTSTMNT03_3228025,2023-11-12 10:49:35,JD Gaming,jng,Kanavi,1512.5
ESPORTSTMNT03_3228025,2023-11-12 10:49:35,JD Gaming,mid,knight,2710.4
ESPORTSTMNT03_3228025,2023-11-12 10:49:35,JD Gaming,bot,Ruler,2882.0
ESPORTSTMNT03_3228025,2023-11-12 10:49:35,JD Gaming,sup,MISSING,1968.7
ESPORTSTMNT03_3228025,2023-11-12 10:49:35,T1,top,Zeus,3190.1
ESPORTSTMNT03_3228025,2023-11-12 10:49:35,T1,jng,Oner,2120.3
ESPORTSTMNT03_3228025,2023-11-12 10:49:35,T1,mid,Faker,4352.5
ESPORTSTMNT03_3228025,2023-11-12 10:49:35,T1,bot,Gumayusi,3805.8
ESPORTSTMNT03_3228025,2023-11-12 10:49:35,T1,sup,Keria,3012.0
ESPORTSTMNT03_3228396,2023-11-19 08:56:48,Weibo Gaming,top,TheShy,2060.8
ESPORTSTMNT03_3228396,2023-11-19 08:56:48,Weibo Gaming,jng,Weiwei,2472.2999999999997
ESPORTSTMNT03_3228396,2023-11-19 08:56:48,Weibo Gaming,mid,Xiaohu,2955.9
ESPORTSTMNT03_3228396,2023-11-19 08:56:48,Weibo Gaming,bot,Light,1617.7
ESPORTSTMNT03_3228396,2023-11-19 08:56:48,Weibo Gaming,sup,Crisp,1811.5
ESPORTSTMNT03_3228396,2023-11-19 08:56:48,T1,top,Zeus,4311.5
ESPORTSTMNT03_3228396,2023-11-19 08:56:48,T1,jng,Oner,3224.5
ESPORTSTMNT03_3228396,2023-11-19 08:56:48,T1,mid,Faker,2425.3
ESPORTSTMNT03_3228396,2023-11-19 08:56:48,T1,bot,Gumayusi,2981.6
ESPORTSTMNT03_3228396,2023-11-19 08:56:48,T1,sup,Keria,2761.3
ESPORTSTMNT03_3227846,2023-11-19 09:51:16,Weibo Gaming,top,TheShy,1940.0
ESPORTSTMNT03_3227846,2023-11-19 09:51:16,Weibo Gaming,jng,Weiwei,2538.1
ESPORTSTMNT03_3227846,2023-11-19 09:51:16,Weibo Gaming,mid,Xiaohu,2852.2
ESPORTSTMNT03_3227846,2023-11-19 09:51:16,Weibo Gaming,bot,Light,2004.3
ESPORTSTMNT03_3227846,2023-11-19 09:51:16,Weibo Gaming,sup,Crisp,2438.8
ESPORTSTMNT03_3227846,2023-11-19 09:51:16,T1,top,Zeus,3765.2
ESPORTSTMNT03_3227846,2023-11-19 09:51:16,T1,jng,Oner,2517.0
ESPORTSTMNT03_3227846,2023-11-19 09:51:16,T1,mid,Faker,2395.2
ESPORTSTMNT03_3227846,2023-11-19 09:51:16,T1,bot,Gumayusi,2814.9
ESPORTSTMNT03_3227846,2023-11-19 09:51:16,T1,sup,Keria,2095.6
ESPORTSTMNT03_3227847,2023-11-19 10:44:06,Weibo Gaming,top,TheShy,2005.2
ESPORTSTMNT03_3227847,2023-11-19 10:44:06,Weibo Gaming,jng,Weiwei,1790.9
ESPORTSTMNT03_3227847,2023-11-19 10:44:06,Weibo Gaming,mid,Xiaohu,1694.4
ESPORTSTMNT03_3227847,2023-11-19 10:44:06,Weibo Gaming,bot,Light,2772.9
ESPORTSTMNT03_3227847,2023-11-19 10:44:06,Weibo Gaming,sup,Crisp,1780.0
ESPORTSTMNT03_3227847,2023-11-19 10:44:06,T1,top,Zeus,2616.8
ESPORTSTMNT03_3227847,2023-11-19 10:44:06,T1,jng,Oner,2522.2000000000003
ESPORTSTMNT03_3227847,2023-11-19 10:44:06,T1,mid,Faker,2499.2
ESPORTSTMNT03_3227847,2023-11-19 10:44:06,T1,bot,Gumayusi,2024.0
ESPORTSTMNT03_3227847,2023-11-19 10:44:06,T1,sup,Keria,1860.1
